post_id,actor_1,actor_2,relation_type
2091519808525259143,Iran,Turkiye,hostile
2091511994381685126,Iran,Pakistan,neutral-reporting
2091511994381685126,Iran,Saudi Arabia,neutral-reporting
2091511994381685126,Iran,Turkiye,neutral-reporting
2091511994381685126,Iran,United States,neutral-reporting
2091511994381685126,Pakistan,Saudi Arabia,neutral-reporting
2091511994381685126,Pakistan,Turkiye,neutral-reporting
2091511994381685126,Pakistan,United States,neutral-reporting
2091511994381685126,Saudi Arabia,Turkiye,neutral-reporting
2091511994381685126,Saudi Arabia,United States,neutral-reporting
2091511994381685126,Turkiye,United States,neutral-reporting
2091510877426241595,Iran,Saudi Arabia,neutral-reporting
2091509886840356891,Saudi Arabia,Iran,neutral-reporting
2091509886840356891,Turkiye,Iran,neutral-reporting
2091509886840356891,Pakistan,Iran,neutral-reporting
2091509886840356891,Saudi Arabia,Turkiye,neutral-reporting
2091509886840356891,Saudi Arabia,Pakistan,neutral-reporting
2091509886840356891,Turkiye,Pakistan,neutral-reporting
2091507145418166342,Saudi Arabia,Iran,skeptical
2091507145418166342,Turkiye,Iran,skeptical
2091507145418166342,Pakistan,Iran,skeptical
2091507145418166342,Saudi Arabia,Turkiye,skeptical
2091507145418166342,Saudi Arabia,Pakistan,skeptical
2091507145418166342,Turkiye,Pakistan,skeptical
2091506480453460221,Saudi Arabia,Iran,skeptical
2091506480453460221,Pakistan,Iran,skeptical
2091506480453460221,Turkiye,Iran,skeptical
2091506480453460221,Saudi Arabia,Pakistan,skeptical
2091506480453460221,Saudi Arabia,Turkiye,skeptical
2091506480453460221,Pakistan,Turkiye,skeptical
2091506279176876066,Saudi Arabia,United States,hostile
2091506279176876066,Turkiye,United States,hostile
2091506279176876066,Pakistan,United States,hostile
2091506279176876066,Iran,United States,hostile
2091506279176876066,Saudi Arabia,Turkiye,supportive
2091506279176876066,Saudi Arabia,Pakistan,supportive
2091506279176876066,Turkiye,Pakistan,supportive
2091506132783128681,Saudi Arabia,Turkiye,supportive
2091506132783128681,Saudi Arabia,Pakistan,supportive
2091506132783128681,Turkiye,Pakistan,supportive
2091506132783128681,Saudi Arabia,United States,skeptical
2091506132783128681,Turkiye,United States,skeptical
2091506132783128681,Pakistan,United States,skeptical
2091506132783128681,Iran,United States,hostile
2091506034170884280,Saudi Arabia,Turkiye,supportive
2091506034170884280,Saudi Arabia,Pakistan,supportive
2091506034170884280,Turkiye,Pakistan,supportive
2091506034170884280,Saudi Arabia,United States,skeptical
2091506034170884280,Turkiye,United States,skeptical
2091506034170884280,Pakistan,United States,skeptical
2091506034170884280,Iran,United States,hostile
2091505839190184207,Saudi Arabia,Turkiye,supportive
2091505839190184207,Saudi Arabia,Pakistan,supportive
2091505839190184207,Turkiye,Pakistan,supportive
2091505839190184207,Saudi Arabia,United States,skeptical
2091505839190184207,Turkiye,United States,skeptical
2091505839190184207,Pakistan,United States,skeptical
2091505839190184207,Iran,United States,hostile
2091505704569819251,Saudi Arabia,Turkiye,supportive
2091505704569819251,Saudi Arabia,Pakistan,supportive
2091505704569819251,Turkiye,Pakistan,supportive
2091505704569819251,Saudi Arabia,United States,skeptical
2091505704569819251,Turkiye,United States,skeptical
2091505704569819251,Pakistan,United States,skeptical
2091505547107291251,Saudi Arabia,Turkiye,supportive
2091505547107291251,Saudi Arabia,Pakistan,supportive
2091505547107291251,Turkiye,Pakistan,supportive
2091505547107291251,Saudi Arabia,United States,skeptical
2091505547107291251,Turkiye,United States,skeptical
2091505547107291251,Pakistan,United States,skeptical
2091505107238080628,Saudi Arabia,Turkiye,supportive
2091505107238080628,Saudi Arabia,Pakistan,supportive
2091505107238080628,Turkiye,Pakistan,supportive
2091505107238080628,Saudi Arabia,United States,skeptical
2091505107238080628,Turkiye,United States,skeptical
2091505107238080628,Pakistan,United States,skeptical
2091503709872169445,Iran,Pakistan,neutral-reporting
2091503709872169445,Iran,Saudi Arabia,neutral-reporting
2091503709872169445,Iran,Turkiye,neutral-reporting
2091503709872169445,Pakistan,Saudi Arabia,neutral-reporting
2091503709872169445,Pakistan,Turkiye,neutral-reporting
2091503709872169445,Saudi Arabia,Turkiye,neutral-reporting
2091502656175079670,Pakistan,Saudi Arabia,supportive
2091501609364893719,Pakistan,Saudi Arabia,neutral-reporting
2091501609364893719,Pakistan,Turkiye,neutral-reporting
2091501609364893719,Saudi Arabia,Turkiye,neutral-reporting
2091501033092505666,Iran,Pakistan,neutral-reporting
2091501033092505666,Iran,Saudi Arabia,neutral-reporting
2091501033092505666,Iran,Turkiye,neutral-reporting
2091501033092505666,Pakistan,Saudi Arabia,neutral-reporting
2091501033092505666,Pakistan,Turkiye,neutral-reporting
2091501033092505666,Saudi Arabia,Turkiye,neutral-reporting
2091499671068025254,Iran,Pakistan,neutral-reporting
2091499086377562124,Iran,Pakistan,supportive
2091499086377562124,Iran,Saudi Arabia,supportive
2091499086377562124,Iran,Turkiye,supportive
2091499086377562124,Pakistan,Saudi Arabia,supportive
2091499086377562124,Pakistan,Turkiye,supportive
2091499086377562124,Saudi Arabia,Turkiye,supportive
2091498070483800382,Iran,Pakistan,hostile
2091498070483800382,Iran,Saudi Arabia,hostile
2091498070483800382,Iran,Turkiye,hostile
2091498070483800382,Pakistan,Saudi Arabia,neutral-reporting
2091498070483800382,Pakistan,Turkiye,neutral-reporting
2091498070483800382,Saudi Arabia,Turkiye,neutral-reporting
2091497909753888925,Iran,Pakistan,hostile
2091497909753888925,Iran,Saudi Arabia,hostile
2091497909753888925,Iran,Turkiye,hostile
2091497909753888925,Pakistan,Saudi Arabia,neutral-reporting
2091497909753888925,Pakistan,Turkiye,neutral-reporting
2091497909753888925,Saudi Arabia,Turkiye,neutral-reporting
2091495391086948794,Iran,Pakistan,neutral-reporting
2091495391086948794,Iran,Saudi Arabia,neutral-reporting
2091495391086948794,Iran,Turkiye,neutral-reporting
2091495391086948794,Pakistan,Saudi Arabia,neutral-reporting
2091495391086948794,Pakistan,Turkiye,neutral-reporting
2091495391086948794,Saudi Arabia,Turkiye,neutral-reporting
2091494272629420448,Iran,Pakistan,neutral-reporting
2091494272629420448,Iran,Saudi Arabia,neutral-reporting
2091494272629420448,Iran,Turkiye,neutral-reporting
2091494272629420448,Pakistan,Saudi Arabia,neutral-reporting
2091494272629420448,Pakistan,Turkiye,neutral-reporting
2091494272629420448,Saudi Arabia,Turkiye,neutral-reporting
2091494115770855643,Iran,Pakistan,mediating
2091494115770855643,Iran,Saudi Arabia,neutral-reporting
2091494115770855643,Iran,Turkiye,neutral-reporting
2091494115770855643,Iran,United States,neutral-reporting
2091494115770855643,Pakistan,Saudi Arabia,neutral-reporting
2091494115770855643,Pakistan,Turkiye,neutral-reporting
2091494115770855643,Pakistan,United States,mediating
2091494115770855643,Saudi Arabia,Turkiye,neutral-reporting
2091490459667271763,Iran,Pakistan,neutral-reporting
2091490459667271763,Iran,Saudi Arabia,neutral-reporting
2091490459667271763,Iran,Turkiye,neutral-reporting
2091490459667271763,Pakistan,Saudi Arabia,neutral-reporting
2091490459667271763,Pakistan,Turkiye,neutral-reporting
2091490459667271763,Saudi Arabia,Turkiye,neutral-reporting
2091489891297505672,Saudi Arabia,Turkiye,skeptical
2091489269789737454,Iran,Pakistan,neutral-reporting
2091489269789737454,Iran,Saudi Arabia,neutral-reporting
2091489269789737454,Iran,Turkiye,neutral-reporting
2091489269789737454,Pakistan,Saudi Arabia,neutral-reporting
2091489269789737454,Pakistan,Turkiye,neutral-reporting
2091489269789737454,Saudi Arabia,Turkiye,neutral-reporting
2091488788619169930,Pakistan,Saudi Arabia,neutral-reporting
2091488788619169930,Pakistan,Turkiye,neutral-reporting
2091488788619169930,Saudi Arabia,Turkiye,neutral-reporting
2091488439266897989,Iran,Pakistan,neutral-reporting
2091488439266897989,Iran,Saudi Arabia,neutral-reporting
2091488439266897989,Iran,Turkiye,neutral-reporting
2091488439266897989,Pakistan,Saudi Arabia,neutral-reporting
2091488439266897989,Pakistan,Turkiye,neutral-reporting
2091488439266897989,Saudi Arabia,Turkiye,neutral-reporting
2091488185821827409,Pakistan,Saudi Arabia,neutral-reporting
2091488185821827409,Pakistan,Turkiye,neutral-reporting
2091488185821827409,Saudi Arabia,Turkiye,neutral-reporting
2091488011536216484,Pakistan,Saudi Arabia,supportive
2091488011536216484,Pakistan,Turkiye,supportive
2091488011536216484,Saudi Arabia,Turkiye,supportive
2091487897476366826,Iran,Saudi Arabia,hostile
2091487897476366826,Iran,Turkiye,hostile
2091487897476366826,Saudi Arabia,Turkiye,hostile
2091485830850257164,Iran,Saudi Arabia,neutral-reporting
2091485830850257164,Iran,Pakistan,neutral-reporting
2091485830850257164,Iran,Turkiye,neutral-reporting
2091485830850257164,Iran,United States,neutral-reporting
2091485830850257164,Saudi Arabia,Pakistan,neutral-reporting
2091485830850257164,Saudi Arabia,Turkiye,neutral-reporting
2091485830850257164,Saudi Arabia,United States,neutral-reporting
2091485830850257164,Pakistan,Turkiye,neutral-reporting
2091485830850257164,Pakistan,United States,neutral-reporting
2091485830850257164,Turkiye,United States,neutral-reporting
2091484696588775786,Iran,Pakistan,neutral-reporting
2091484696588775786,Iran,Saudi Arabia,neutral-reporting
2091484696588775786,Iran,Turkiye,neutral-reporting
2091484696588775786,Pakistan,Saudi Arabia,neutral-reporting
2091484696588775786,Pakistan,Turkiye,neutral-reporting
2091484696588775786,Saudi Arabia,Turkiye,neutral-reporting
2091481899084677297,Iran,Pakistan,neutral-reporting
2091481899084677297,Iran,Saudi Arabia,neutral-reporting
2091481899084677297,Iran,Turkiye,neutral-reporting
2091481899084677297,Pakistan,Saudi Arabia,neutral-reporting
2091481899084677297,Pakistan,Turkiye,neutral-reporting
2091481899084677297,Saudi Arabia,Turkiye,neutral-reporting
2091481519751659582,Iran,Pakistan,neutral-reporting
2091481519751659582,Iran,Saudi Arabia,neutral-reporting
2091481519751659582,Iran,Turkiye,neutral-reporting
2091481519751659582,Pakistan,Saudi Arabia,neutral-reporting
2091481519751659582,Pakistan,Turkiye,neutral-reporting
2091481519751659582,Saudi Arabia,Turkiye,neutral-reporting
2091462991107772544,Iran,Pakistan,neutral-reporting
2091462991107772544,Iran,Saudi Arabia,neutral-reporting
2091462991107772544,Iran,Turkiye,neutral-reporting
2091462991107772544,Iran,United States,skeptical
2091462991107772544,Pakistan,Saudi Arabia,neutral-reporting
2091462991107772544,Pakistan,Turkiye,neutral-reporting
2091462991107772544,Pakistan,United States,skeptical
2091462991107772544,Saudi Arabia,Turkiye,neutral-reporting
2091462991107772544,Saudi Arabia,United States,skeptical
2091462991107772544,Turkiye,United States,skeptical
2091438216259760411,Iran,Pakistan,neutral-reporting
2091438216259760411,Iran,Saudi Arabia,neutral-reporting
2091438216259760411,Iran,Turkiye,neutral-reporting
2091438216259760411,Pakistan,Saudi Arabia,neutral-reporting
2091438216259760411,Pakistan,Turkiye,neutral-reporting
2091438216259760411,Saudi Arabia,Turkiye,neutral-reporting
2091398068461543853,Iran,Pakistan,neutral-reporting
2091398068461543853,Iran,Saudi Arabia,neutral-reporting
2091398068461543853,Iran,Turkiye,neutral-reporting
2091398068461543853,Iran,United States,neutral-reporting
2091398068461543853,Pakistan,Saudi Arabia,neutral-reporting
2091398068461543853,Pakistan,Turkiye,neutral-reporting
2091398068461543853,Pakistan,United States,neutral-reporting
2091398068461543853,Saudi Arabia,Turkiye,neutral-reporting
2091398068461543853,Saudi Arabia,United States,neutral-reporting
2091398068461543853,Turkiye,United States,neutral-reporting
2091387312793964699,Saudi Arabia,United States,neutral-reporting
2091387312793964699,Turkiye,United States,neutral-reporting
2091387312793964699,Pakistan,United States,neutral-reporting
2091345894524252165,Saudi Arabia,United States,neutral-reporting
2091345894524252165,Turkiye,United States,neutral-reporting
2091345894524252165,Pakistan,United States,neutral-reporting
2091284982782144803,Pakistan,Saudi Arabia,neutral-reporting
2091284982782144803,Pakistan,Turkiye,neutral-reporting
2091284982782144803,Saudi Arabia,Turkiye,neutral-reporting
2091279671388250200,Pakistan,Saudi Arabia,skeptical
2091272313110978986,Pakistan,Turkiye,supportive
2091272288653971818,Pakistan,Turkiye,supportive
2091260463040618555,Pakistan,Saudi Arabia,neutral-reporting
2091260463040618555,Pakistan,Turkiye,neutral-reporting
2091260463040618555,Saudi Arabia,Turkiye,neutral-reporting
2091246715911258608,Pakistan,Saudi Arabia,neutral-reporting
2091246715911258608,Pakistan,Turkiye,neutral-reporting
2091246715911258608,Saudi Arabia,Turkiye,neutral-reporting
2091246277119881414,Pakistan,Saudi Arabia,neutral-reporting
2091246013084258360,Iran,Turkiye,hostile
2091236782218305888,Saudi Arabia,Turkiye,neutral-reporting
2091234159163248777,Iran,United States,neutral-reporting
2091233857987051655,Iran,Pakistan,neutral-reporting
2091233857987051655,Iran,Saudi Arabia,neutral-reporting
2091233857987051655,Iran,Turkiye,neutral-reporting
2091233857987051655,Iran,United States,neutral-reporting
2091233857987051655,Pakistan,Saudi Arabia,neutral-reporting
2091233857987051655,Pakistan,Turkiye,neutral-reporting
2091233857987051655,Pakistan,United States,neutral-reporting
2091233857987051655,Saudi Arabia,Turkiye,neutral-reporting
2091233857987051655,Saudi Arabia,United States,neutral-reporting
2091233857987051655,Turkiye,United States,neutral-reporting
2091233039758381232,Pakistan,Turkiye,neutral-reporting
2091228766546821239,Pakistan,Saudi Arabia,neutral-reporting
2091228766546821239,Pakistan,Turkiye,neutral-reporting
2091228766546821239,Saudi Arabia,Turkiye,neutral-reporting
2091227352131096831,Pakistan,Saudi Arabia,neutral-reporting
2091221697768665385,Pakistan,Saudi Arabia,neutral-reporting
2091221697768665385,Pakistan,Turkiye,neutral-reporting
2091221697768665385,Saudi Arabia,Turkiye,neutral-reporting
2091219786487435521,Pakistan,Saudi Arabia,neutral-reporting
2091219786487435521,Pakistan,Turkiye,neutral-reporting
2091219786487435521,Saudi Arabia,Turkiye,neutral-reporting
2091217849801126093,Pakistan,Saudi Arabia,neutral-reporting
2091217849801126093,Pakistan,Turkiye,neutral-reporting
2091217849801126093,Saudi Arabia,Turkiye,neutral-reporting
2091216068249317397,Pakistan,Saudi Arabia,supportive
2091216068249317397,Pakistan,Turkiye,supportive
2091216068249317397,Saudi Arabia,Turkiye,supportive
2091216068249317397,Pakistan,Iran,supportive
2091216068249317397,Saudi Arabia,Iran,supportive
2091216068249317397,Turkiye,Iran,supportive
2091216068249317397,Pakistan,United States,hostile
2091216068249317397,Saudi Arabia,United States,hostile
2091216068249317397,Turkiye,United States,hostile
2091216068249317397,Iran,United States,hostile
2091215833595060503,Pakistan,Saudi Arabia,neutral-reporting
2091215833595060503,Pakistan,Turkiye,neutral-reporting
2091215833595060503,Saudi Arabia,Turkiye,neutral-reporting
2091215533710696804,Pakistan,Saudi Arabia,hostile
2091215533710696804,Pakistan,Turkiye,hostile
2091215533710696804,Saudi Arabia,Turkiye,hostile
2091214447712849939,Iran,Pakistan,supportive
2091211154777645204,Pakistan,Saudi Arabia,supportive
2091211154777645204,Pakistan,Turkiye,supportive
2091211154777645204,Saudi Arabia,Turkiye,supportive
2091208617190191171,Pakistan,Saudi Arabia,supportive
2091208617190191171,Pakistan,Turkiye,neutral-reporting
2091208617190191171,Saudi Arabia,Turkiye,neutral-reporting
2091204309861970319,Pakistan,Saudi Arabia,neutral-reporting
2091204309861970319,Pakistan,Turkiye,neutral-reporting
2091204309861970319,Saudi Arabia,Turkiye,neutral-reporting
2091202398475923659,Pakistan,Saudi Arabia,neutral-reporting
2091202398475923659,Pakistan,Turkiye,neutral-reporting
2091202398475923659,Saudi Arabia,Turkiye,neutral-reporting
2091198679818567994,Pakistan,Saudi Arabia,hostile
2091198679818567994,Pakistan,Turkiye,hostile
2091198679818567994,Saudi Arabia,Turkiye,hostile
2091196401946677471,Pakistan,Saudi Arabia,neutral-reporting
2091196401946677471,Pakistan,Turkiye,neutral-reporting
2091196401946677471,Saudi Arabia,Turkiye,neutral-reporting
2091195571029639420,Pakistan,Saudi Arabia,neutral-reporting
2091195571029639420,Pakistan,Turkiye,neutral-reporting
2091195571029639420,Saudi Arabia,Turkiye,neutral-reporting
2091193681046843593,Iran,Saudi Arabia,supportive
2091193681046843593,Iran,Turkiye,supportive
2091193681046843593,Saudi Arabia,Turkiye,neutral-reporting
2091188646812479577,Pakistan,Saudi Arabia,neutral-reporting
2091188646812479577,Pakistan,Turkiye,neutral-reporting
2091188646812479577,Saudi Arabia,Turkiye,neutral-reporting
2091188099745214816,Iran,Pakistan,hostile
2091188099745214816,Iran,Saudi Arabia,hostile
2091188099745214816,Iran,Turkiye,hostile
2091188099745214816,Pakistan,Saudi Arabia,neutral-reporting
2091188099745214816,Pakistan,Turkiye,neutral-reporting
2091188099745214816,Saudi Arabia,Turkiye,neutral-reporting
2091187706789568714,Pakistan,Saudi Arabia,neutral-reporting
2091187706789568714,Pakistan,Turkiye,neutral-reporting
2091187706789568714,Saudi Arabia,Turkiye,neutral-reporting
2091185570886099362,Pakistan,Saudi Arabia,neutral-reporting
2091185570886099362,Pakistan,Turkiye,neutral-reporting
2091185570886099362,Saudi Arabia,Turkiye,neutral-reporting
2091184648864829887,Pakistan,Iran,hostile
2091183929621708998,Pakistan,Turkiye,neutral-reporting
2091182997575757871,Pakistan,Saudi Arabia,neutral-reporting
2091182997575757871,Pakistan,Turkiye,neutral-reporting
2091182997575757871,Saudi Arabia,Turkiye,neutral-reporting
2091182508884783471,Pakistan,Saudi Arabia,supportive
2091182508884783471,Pakistan,Turkiye,supportive
2091182508884783471,Saudi Arabia,Turkiye,supportive
2091177995872449003,Pakistan,Saudi Arabia,neutral-reporting
2091177995872449003,Pakistan,Turkiye,neutral-reporting
2091177995872449003,Saudi Arabia,Turkiye,neutral-reporting
2091174375005254097,Pakistan,Saudi Arabia,neutral-reporting
2091174375005254097,Pakistan,Turkiye,supportive
2091174375005254097,Saudi Arabia,Turkiye,supportive
2091171758057422938,Iran,Pakistan,neutral-reporting
2091171758057422938,Iran,Saudi Arabia,neutral-reporting
2091171758057422938,Iran,Turkiye,neutral-reporting
2091171758057422938,Pakistan,Saudi Arabia,neutral-reporting
2091171758057422938,Pakistan,Turkiye,neutral-reporting
2091171758057422938,Saudi Arabia,Turkiye,neutral-reporting
2091170754700431380,Pakistan,Saudi Arabia,neutral-reporting
2091170754700431380,Pakistan,Turkiye,neutral-reporting
2091170754700431380,Saudi Arabia,Turkiye,neutral-reporting
2091168313007370480,Pakistan,Turkiye,hostile
2091168082999832986,Pakistan,Saudi Arabia,skeptical
2091166936545837266,Pakistan,Saudi Arabia,neutral-reporting
2091166936545837266,Pakistan,Turkiye,neutral-reporting
2091166936545837266,Saudi Arabia,Turkiye,neutral-reporting
2091166657192292794,Pakistan,Saudi Arabia,neutral-reporting
2091166657192292794,Pakistan,Turkiye,neutral-reporting
2091166657192292794,Saudi Arabia,Turkiye,neutral-reporting
2091163175890935985,Iran,Pakistan,neutral-reporting
2091162801360523334,Pakistan,Saudi Arabia,neutral-reporting
2091162801360523334,Pakistan,Turkiye,neutral-reporting
2091162801360523334,Saudi Arabia,Turkiye,neutral-reporting
2091151777336795195,Pakistan,Saudi Arabia,neutral-reporting
2091151777336795195,Pakistan,Turkiye,neutral-reporting
2091151777336795195,Saudi Arabia,Turkiye,neutral-reporting
2091133143331881243,Pakistan,Saudi Arabia,supportive
2091133143331881243,Pakistan,Turkiye,supportive
2091133143331881243,Saudi Arabia,Turkiye,supportive
2091133021655310487,Saudi Arabia,Turkiye,neutral-reporting
2091132280076910792,Saudi Arabia,Turkiye,supportive
2091132280076910792,Saudi Arabia,Pakistan,supportive
2091132280076910792,Turkiye,Pakistan,supportive
2091132280076910792,Saudi Arabia,United States,neutral-reporting
2091126042685526456,Iran,Pakistan,neutral-reporting
2091126042685526456,Iran,Saudi Arabia,neutral-reporting
2091126042685526456,Iran,Turkiye,neutral-reporting
2091126042685526456,Iran,United States,hostile
2091126042685526456,Pakistan,Saudi Arabia,supportive
2091126042685526456,Pakistan,Turkiye,supportive
2091126042685526456,Pakistan,United States,hostile
2091126042685526456,Saudi Arabia,Turkiye,supportive
2091126042685526456,Saudi Arabia,United States,hostile
2091126042685526456,Turkiye,United States,hostile
2091122848886645175,Iran,United States,neutral-reporting
2091122329744986582,Pakistan,Saudi Arabia,neutral-reporting
2091122329744986582,Pakistan,Turkiye,neutral-reporting
2091122329744986582,Saudi Arabia,Turkiye,neutral-reporting
2091118214650458399,Pakistan,Saudi Arabia,neutral-reporting
2091118214650458399,Pakistan,Turkiye,neutral-reporting
2091118214650458399,Saudi Arabia,Turkiye,neutral-reporting
2091117045068791853,Iran,Pakistan,neutral-reporting
2091117045068791853,Iran,Saudi Arabia,neutral-reporting
2091117045068791853,Iran,Turkiye,neutral-reporting
2091117045068791853,Pakistan,Saudi Arabia,neutral-reporting
2091117045068791853,Pakistan,Turkiye,neutral-reporting
2091117045068791853,Saudi Arabia,Turkiye,neutral-reporting
2091115987714163032,Iran,Turkiye,neutral-reporting
2091113793342365722,Pakistan,Saudi Arabia,neutral-reporting
2091113793342365722,Pakistan,Turkiye,neutral-reporting
2091113793342365722,Saudi Arabia,Turkiye,neutral-reporting
2091113109310332970,Pakistan,Saudi Arabia,supportive
2091113109310332970,Pakistan,Turkiye,supportive
2091113109310332970,Saudi Arabia,Turkiye,supportive
2091110710411747821,Pakistan,Saudi Arabia,neutral-reporting
2091110710411747821,Pakistan,Turkiye,neutral-reporting
2091110710411747821,Saudi Arabia,Turkiye,neutral-reporting
2091110565745676341,Pakistan,Saudi Arabia,supportive
2091110565745676341,Pakistan,Turkiye,supportive
2091110565745676341,Saudi Arabia,Turkiye,supportive
2091108442106659086,Pakistan,Saudi Arabia,supportive
2091108442106659086,Pakistan,Turkiye,supportive
2091108442106659086,Saudi Arabia,Turkiye,supportive
2091100083773374663,Pakistan,Saudi Arabia,neutral-reporting
2091100083773374663,Pakistan,Turkiye,neutral-reporting
2091100083773374663,Saudi Arabia,Turkiye,neutral-reporting
2091097469153063276,Pakistan,Saudi Arabia,neutral-reporting
2091097469153063276,Pakistan,Turkiye,neutral-reporting
2091097469153063276,Saudi Arabia,Turkiye,neutral-reporting
2091088738004918737,Pakistan,Saudi Arabia,neutral-reporting
2091088738004918737,Pakistan,Turkiye,neutral-reporting
2091088738004918737,Saudi Arabia,Turkiye,neutral-reporting
2091078116202451156,Pakistan,Saudi Arabia,neutral-reporting
2091078116202451156,Pakistan,Turkiye,neutral-reporting
2091078116202451156,Saudi Arabia,Turkiye,neutral-reporting
2091077903999979923,Pakistan,Saudi Arabia,neutral-reporting
2091077903999979923,Pakistan,Turkiye,neutral-reporting
2091077903999979923,Saudi Arabia,Turkiye,neutral-reporting
2091075463464509444,Pakistan,Saudi Arabia,neutral-reporting
2091075463464509444,Pakistan,Turkiye,neutral-reporting
2091075463464509444,Saudi Arabia,Turkiye,neutral-reporting
2091075294224633997,Pakistan,Saudi Arabia,neutral-reporting
2091075294224633997,Pakistan,Turkiye,neutral-reporting
2091075294224633997,Saudi Arabia,Turkiye,neutral-reporting
2091067964753936476,Pakistan,Saudi Arabia,supportive
2091067964753936476,Pakistan,Turkiye,supportive
2091067964753936476,Saudi Arabia,Turkiye,neutral-reporting
2091067964753936476,Pakistan,United States,neutral-reporting
2091067964753936476,Saudi Arabia,United States,neutral-reporting
2091067964753936476,Turkiye,United States,neutral-reporting
2091067379002523975,Pakistan,Saudi Arabia,neutral-reporting
2091067379002523975,Pakistan,Turkiye,neutral-reporting
2091067379002523975,Saudi Arabia,Turkiye,neutral-reporting
2091065047527162124,Pakistan,Saudi Arabia,neutral-reporting
2091065047527162124,Pakistan,Turkiye,neutral-reporting
2091065047527162124,Saudi Arabia,Turkiye,neutral-reporting
2091059358398320722,Pakistan,United States,hostile
2091058789772628425,Pakistan,Saudi Arabia,neutral-reporting
2091058789772628425,Pakistan,Turkiye,neutral-reporting
2091058789772628425,Saudi Arabia,Turkiye,neutral-reporting
2091055044489777375,Pakistan,Saudi Arabia,skeptical
2091055044489777375,Pakistan,Turkiye,skeptical
2091055044489777375,Saudi Arabia,Turkiye,skeptical
2091050790899138697,Pakistan,Saudi Arabia,neutral-reporting
2091050790899138697,Pakistan,Turkiye,neutral-reporting
2091050790899138697,Saudi Arabia,Turkiye,neutral-reporting
2091048700638646709,Pakistan,Turkiye,neutral-reporting
2091045362094014852,Iran,Turkiye,hostile
2091042582042444059,Pakistan,Saudi Arabia,neutral-reporting
2091042582042444059,Pakistan,Turkiye,neutral-reporting
2091042582042444059,Saudi Arabia,Turkiye,neutral-reporting
2091041892767351206,Pakistan,Saudi Arabia,neutral-reporting
2091041892767351206,Pakistan,Turkiye,neutral-reporting
2091041892767351206,Saudi Arabia,Turkiye,neutral-reporting
2091038190341947456,Pakistan,Saudi Arabia,neutral-reporting
2091038190341947456,Pakistan,Turkiye,neutral-reporting
2091038190341947456,Saudi Arabia,Turkiye,neutral-reporting
2091033108057387375,Pakistan,Saudi Arabia,neutral-reporting
2091033108057387375,Pakistan,Turkiye,neutral-reporting
2091033108057387375,Saudi Arabia,Turkiye,neutral-reporting
2091032936057614654,Turkiye,United States,neutral-reporting
2091032221926756473,Pakistan,Saudi Arabia,supportive
2091032221926756473,Pakistan,Turkiye,supportive
2091032221926756473,Saudi Arabia,Turkiye,supportive
2091027931590250823,Pakistan,Saudi Arabia,neutral-reporting
2091027931590250823,Pakistan,Turkiye,neutral-reporting
2091027931590250823,Saudi Arabia,Turkiye,neutral-reporting
2091027139814625290,Pakistan,Saudi Arabia,neutral-reporting
2091027139814625290,Pakistan,Turkiye,neutral-reporting
2091027139814625290,Saudi Arabia,Turkiye,neutral-reporting
2091027076484620294,Pakistan,Saudi Arabia,neutral-reporting
2091027076484620294,Pakistan,Turkiye,neutral-reporting
2091027076484620294,Saudi Arabia,Turkiye,neutral-reporting
2091026123597738408,Pakistan,Saudi Arabia,neutral-reporting
2091026123597738408,Pakistan,Turkiye,neutral-reporting
2091026123597738408,Saudi Arabia,Turkiye,neutral-reporting
2091022474666185092,Pakistan,Saudi Arabia,neutral-reporting
2091022474666185092,Pakistan,Turkiye,neutral-reporting
2091022474666185092,Saudi Arabia,Turkiye,neutral-reporting
2091018400814559288,Saudi Arabia,Turkiye,neutral-reporting
2091015296270352885,Pakistan,Saudi Arabia,neutral-reporting
2091015296270352885,Pakistan,Turkiye,neutral-reporting
2091015296270352885,Saudi Arabia,Turkiye,neutral-reporting
2091013087726018950,Pakistan,Saudi Arabia,neutral-reporting
2091013087726018950,Pakistan,Turkiye,neutral-reporting
2091013087726018950,Saudi Arabia,Turkiye,neutral-reporting
2091010540734976361,Pakistan,Saudi Arabia,neutral-reporting
2091010540734976361,Pakistan,Turkiye,neutral-reporting
2091010540734976361,Saudi Arabia,Turkiye,neutral-reporting
2091010288669638837,Pakistan,Turkiye,supportive
2090994887865045224,Pakistan,Saudi Arabia,neutral-reporting
2090994887865045224,Pakistan,Turkiye,neutral-reporting
2090994887865045224,Saudi Arabia,Turkiye,neutral-reporting
2090980018252112242,Pakistan,Saudi Arabia,neutral-reporting
2090980018252112242,Pakistan,Turkiye,neutral-reporting
2090980018252112242,Saudi Arabia,Turkiye,neutral-reporting
2090978911853420815,Pakistan,Saudi Arabia,neutral-reporting
2090978911853420815,Pakistan,Turkiye,neutral-reporting
2090978911853420815,Saudi Arabia,Turkiye,neutral-reporting
2090974737044320313,Saudi Arabia,Turkiye,neutral-reporting
2090954822526660732,Iran,Turkiye,neutral-reporting
2090954822526660732,Iran,United States,hostile
2090954822526660732,Turkiye,United States,neutral-reporting
2090950654739255765,Pakistan,Saudi Arabia,neutral-reporting
2090950654739255765,Pakistan,Turkiye,neutral-reporting
2090950654739255765,Saudi Arabia,Turkiye,neutral-reporting
2090943430960779687,Turkiye,United States,hostile
2090936468449722667,Pakistan,Saudi Arabia,neutral-reporting
2090936468449722667,Pakistan,Turkiye,neutral-reporting
2090936468449722667,Saudi Arabia,Turkiye,neutral-reporting
2090924908222247338,Iran,Turkiye,neutral-reporting
2090912400694546723,Saudi Arabia,Turkiye,supportive
2090899688442786094,Iran,Turkiye,hostile
2090897756755792088,Iran,Pakistan,hostile
2090897756755792088,Iran,Saudi Arabia,hostile
2090897756755792088,Iran,Turkiye,hostile
2090897756755792088,Pakistan,Saudi Arabia,neutral-reporting
2090897756755792088,Pakistan,Turkiye,neutral-reporting
2090897756755792088,Saudi Arabia,Turkiye,neutral-reporting
2090889483847971324,Pakistan,Saudi Arabia,neutral-reporting
2090889483847971324,Pakistan,Turkiye,neutral-reporting
2090889483847971324,Saudi Arabia,Turkiye,neutral-reporting
2090887399450784164,Pakistan,Saudi Arabia,neutral-reporting
2090887399450784164,Pakistan,Turkiye,neutral-reporting
2090887399450784164,Saudi Arabia,Turkiye,neutral-reporting
2090882932911264036,Pakistan,Saudi Arabia,neutral-reporting
2090882932911264036,Pakistan,Turkiye,neutral-reporting
2090882932911264036,Saudi Arabia,Turkiye,neutral-reporting
2090882121619640635,Pakistan,Saudi Arabia,neutral-reporting
2090882121619640635,Pakistan,Turkiye,neutral-reporting
2090882121619640635,Saudi Arabia,Turkiye,neutral-reporting
2090878801169289460,Pakistan,Saudi Arabia,neutral-reporting
2090878801169289460,Pakistan,Turkiye,neutral-reporting
2090878801169289460,Saudi Arabia,Turkiye,neutral-reporting
2090868315128250817,Pakistan,Saudi Arabia,neutral-reporting
2090868315128250817,Pakistan,Turkiye,neutral-reporting
2090868315128250817,Saudi Arabia,Turkiye,neutral-reporting
2090866742063153222,Saudi Arabia,Turkiye,neutral-reporting
2090859890734690523,Pakistan,Saudi Arabia,neutral-reporting
2090859890734690523,Pakistan,Turkiye,neutral-reporting
2090859890734690523,Saudi Arabia,Turkiye,neutral-reporting
2090857504410571087,Pakistan,Saudi Arabia,hostile
2090857504410571087,Pakistan,Turkiye,hostile
2090857504410571087,Saudi Arabia,Turkiye,hostile
2090855902035296364,Iran,United States,hostile
2090855902035296364,Pakistan,Saudi Arabia,neutral-reporting
2090855902035296364,Pakistan,Turkiye,neutral-reporting
2090855902035296364,Saudi Arabia,Turkiye,neutral-reporting
2090855718236959178,Pakistan,Saudi Arabia,neutral-reporting
2090855718236959178,Pakistan,Turkiye,neutral-reporting
2090855718236959178,Saudi Arabia,Turkiye,neutral-reporting
2090852667258192162,Pakistan,Saudi Arabia,neutral-reporting
2090852667258192162,Pakistan,Turkiye,neutral-reporting
2090852667258192162,Saudi Arabia,Turkiye,neutral-reporting
2090850640356319612,Pakistan,Saudi Arabia,neutral-reporting
2090850640356319612,Pakistan,Turkiye,neutral-reporting
2090850640356319612,Saudi Arabia,Turkiye,neutral-reporting
2090846595759607982,Pakistan,Saudi Arabia,neutral-reporting
2090846595759607982,Pakistan,Turkiye,neutral-reporting
2090846595759607982,Saudi Arabia,Turkiye,neutral-reporting
2090846139205521859,Pakistan,Saudi Arabia,neutral-reporting
2090846139205521859,Pakistan,Turkiye,neutral-reporting
2090846139205521859,Saudi Arabia,Turkiye,neutral-reporting
2090843962420637931,Iran,Pakistan,hostile
2090843962420637931,Iran,Saudi Arabia,hostile
2090843962420637931,Iran,Turkiye,hostile
2090843962420637931,Pakistan,Saudi Arabia,supportive
2090843962420637931,Pakistan,Turkiye,supportive
2090843962420637931,Saudi Arabia,Turkiye,supportive
2090839682087313438,Iran,Turkiye,supportive
2090837841584763321,Pakistan,Saudi Arabia,neutral-reporting
2090837841584763321,Pakistan,Turkiye,neutral-reporting
2090837841584763321,Saudi Arabia,Turkiye,neutral-reporting
2090835720386867331,Pakistan,Saudi Arabia,neutral-reporting
2090835720386867331,Pakistan,Turkiye,neutral-reporting
2090835720386867331,Saudi Arabia,Turkiye,neutral-reporting
2090835318786441581,Pakistan,Saudi Arabia,neutral-reporting
2090835318786441581,Pakistan,Turkiye,neutral-reporting
2090835318786441581,Saudi Arabia,Turkiye,neutral-reporting
2090827156175937834,Pakistan,Saudi Arabia,neutral-reporting
2090827156175937834,Pakistan,Turkiye,neutral-reporting
2090827156175937834,Saudi Arabia,Turkiye,neutral-reporting
2090821619925336404,Pakistan,Saudi Arabia,supportive
2090821619925336404,Pakistan,Turkiye,supportive
2090821619925336404,Saudi Arabia,Turkiye,supportive
2090815424690831604,Pakistan,Saudi Arabia,neutral-reporting
2090815424690831604,Pakistan,Turkiye,neutral-reporting
2090815424690831604,Saudi Arabia,Turkiye,neutral-reporting
2090804874921328967,Saudi Arabia,United States,skeptical
2090804874921328967,Turkiye,United States,skeptical
2090804874921328967,Pakistan,United States,skeptical
2090802388294844437,Pakistan,Saudi Arabia,neutral-reporting
2090802388294844437,Pakistan,Turkiye,neutral-reporting
2090802388294844437,Saudi Arabia,Turkiye,neutral-reporting
2090800310688399769,Pakistan,Turkiye,supportive
2090795440992313583,Pakistan,Saudi Arabia,neutral-reporting
2090795440992313583,Pakistan,Turkiye,neutral-reporting
2090795440992313583,Saudi Arabia,Turkiye,neutral-reporting
2090793987254943836,Pakistan,Saudi Arabia,neutral-reporting
2090793987254943836,Pakistan,Turkiye,neutral-reporting
2090793987254943836,Saudi Arabia,Turkiye,neutral-reporting
2090784338539659310,Pakistan,Saudi Arabia,neutral-reporting
2090784338539659310,Pakistan,Turkiye,neutral-reporting
2090784338539659310,Saudi Arabia,Turkiye,neutral-reporting
2090768181770031332,Pakistan,Saudi Arabia,neutral-reporting
2090768181770031332,Pakistan,Turkiye,neutral-reporting
2090768181770031332,Saudi Arabia,Turkiye,neutral-reporting
2090766280902988165,Pakistan,Saudi Arabia,neutral-reporting
2090766280902988165,Pakistan,Turkiye,neutral-reporting
2090766280902988165,Saudi Arabia,Turkiye,neutral-reporting
2090764532427735358,Pakistan,Saudi Arabia,supportive
2090764532427735358,Pakistan,Turkiye,supportive
2090764532427735358,Saudi Arabia,Turkiye,supportive
2090764041736081868,Pakistan,Saudi Arabia,neutral-reporting
2090764041736081868,Pakistan,Turkiye,neutral-reporting
2090764041736081868,Saudi Arabia,Turkiye,neutral-reporting
2090764041736081868,Iran,Saudi Arabia,hostile
2090764041736081868,Iran,United States,hostile
2090764041736081868,Iran,Turkiye,hostile
2090764041736081868,Iran,Pakistan,hostile
2090764041736081868,United States,Turkiye,neutral-reporting
2090759537410146464,Pakistan,Saudi Arabia,neutral-reporting
2090759537410146464,Pakistan,Turkiye,neutral-reporting
2090759537410146464,Saudi Arabia,Turkiye,neutral-reporting
2090757046945939660,Pakistan,Saudi Arabia,neutral-reporting
2090757046945939660,Pakistan,Turkiye,neutral-reporting
2090757046945939660,Saudi Arabia,Turkiye,neutral-reporting
2090756833053204551,Pakistan,Saudi Arabia,neutral-reporting
2090756833053204551,Pakistan,Turkiye,neutral-reporting
2090756833053204551,Saudi Arabia,Turkiye,neutral-reporting
2090755925099291059,Pakistan,Saudi Arabia,neutral-reporting
2090755925099291059,Pakistan,Turkiye,neutral-reporting
2090755925099291059,Saudi Arabia,Turkiye,neutral-reporting
2090755863875129589,Iran,Saudi Arabia,hostile
2090754937622061516,Pakistan,Saudi Arabia,neutral-reporting
2090754937622061516,Pakistan,Turkiye,neutral-reporting
2090754937622061516,Saudi Arabia,Turkiye,neutral-reporting
2090754846597017894,Pakistan,Saudi Arabia,neutral-reporting
2090754846597017894,Pakistan,Turkiye,neutral-reporting
2090754846597017894,Saudi Arabia,Turkiye,neutral-reporting
2090754507709845507,Pakistan,Saudi Arabia,neutral-reporting
2090754507709845507,Pakistan,Turkiye,neutral-reporting
2090754507709845507,Saudi Arabia,Turkiye,neutral-reporting
2090749954998575567,Pakistan,Saudi Arabia,supportive
2090749954998575567,Pakistan,Turkiye,supportive
2090749954998575567,Saudi Arabia,Turkiye,supportive
2090747219800445319,Pakistan,Saudi Arabia,neutral-reporting
2090747219800445319,Pakistan,Turkiye,neutral-reporting
2090747219800445319,Saudi Arabia,Turkiye,neutral-reporting
2090740754415341770,Pakistan,Saudi Arabia,neutral-reporting
2090740754415341770,Pakistan,Turkiye,neutral-reporting
2090740754415341770,Saudi Arabia,Turkiye,neutral-reporting
2090718600331981079,Pakistan,Saudi Arabia,neutral-reporting
2090718600331981079,Pakistan,Turkiye,neutral-reporting
2090718600331981079,Saudi Arabia,Turkiye,neutral-reporting
2090718600331981079,Pakistan,United States,unclear
2090718600331981079,Saudi Arabia,United States,unclear
2090718600331981079,Turkiye,United States,unclear
2090714231767278045,Pakistan,Saudi Arabia,supportive
2090714231767278045,Pakistan,Turkiye,supportive
2090714231767278045,Saudi Arabia,Turkiye,supportive
2090707106794217657,Pakistan,Saudi Arabia,skeptical
2090707106794217657,Pakistan,Turkiye,skeptical
2090707106794217657,Saudi Arabia,Turkiye,skeptical
2090703890953978040,Pakistan,Saudi Arabia,neutral-reporting
2090703890953978040,Pakistan,Turkiye,neutral-reporting
2090703890953978040,Saudi Arabia,Turkiye,neutral-reporting
2090680305262665777,Pakistan,Saudi Arabia,neutral-reporting
2090680305262665777,Pakistan,Turkiye,neutral-reporting
2090680305262665777,Saudi Arabia,Turkiye,neutral-reporting
2090677529124458581,Pakistan,Saudi Arabia,neutral-reporting
2090677529124458581,Pakistan,Turkiye,neutral-reporting
2090677529124458581,Saudi Arabia,Turkiye,neutral-reporting
2090672839808475479,Pakistan,Saudi Arabia,neutral-reporting
2090672839808475479,Pakistan,Turkiye,neutral-reporting
2090672839808475479,Saudi Arabia,Turkiye,neutral-reporting
2090666722227593460,Pakistan,Saudi Arabia,neutral-reporting
2090666722227593460,Pakistan,Turkiye,neutral-reporting
2090666722227593460,Saudi Arabia,Turkiye,neutral-reporting
2090622061442126326,Pakistan,Saudi Arabia,neutral-reporting
2090622061442126326,Pakistan,Turkiye,neutral-reporting
2090622061442126326,Saudi Arabia,Turkiye,neutral-reporting
2090609106251923696,Saudi Arabia,Turkiye,neutral-reporting
2090604319808925766,Pakistan,Iran,mediating
2090604319808925766,Pakistan,Saudi Arabia,neutral-reporting
2090604319808925766,Iran,Saudi Arabia,neutral-reporting
2090578051986084227,Pakistan,Saudi Arabia,neutral-reporting
2090578051986084227,Pakistan,Turkiye,neutral-reporting
2090578051986084227,Saudi Arabia,Turkiye,neutral-reporting
2090569599309746657,Iran,Turkiye,neutral-reporting
2090569599309746657,Iran,United States,neutral-reporting
2090569599309746657,Turkiye,United States,neutral-reporting
2090557325652189605,Iran,Turkiye,neutral-reporting
2090557325652189605,Iran,United States,neutral-reporting
2090557325652189605,Turkiye,United States,neutral-reporting
2090545915132297589,Pakistan,Saudi Arabia,neutral-reporting
2090545915132297589,Pakistan,Turkiye,neutral-reporting
2090545915132297589,Saudi Arabia,Turkiye,neutral-reporting
2090544033697296414,Pakistan,Saudi Arabia,neutral-reporting
2090544033697296414,Pakistan,Turkiye,neutral-reporting
2090544033697296414,Saudi Arabia,Turkiye,neutral-reporting
2090536201229091001,Pakistan,Saudi Arabia,neutral-reporting
2090536201229091001,Pakistan,Turkiye,neutral-reporting
2090536201229091001,Saudi Arabia,Turkiye,neutral-reporting
2090533846252941749,Pakistan,Saudi Arabia,neutral-reporting
2090533846252941749,Pakistan,Turkiye,neutral-reporting
2090533846252941749,Saudi Arabia,Turkiye,neutral-reporting
2090531643144712625,Pakistan,Saudi Arabia,neutral-reporting
2090531643144712625,Pakistan,Turkiye,neutral-reporting
2090531643144712625,Saudi Arabia,Turkiye,neutral-reporting
2090513041062559922,Pakistan,Saudi Arabia,neutral-reporting
2090513041062559922,Pakistan,Turkiye,neutral-reporting
2090513041062559922,Saudi Arabia,Turkiye,neutral-reporting
2090501422211097006,Iran,Pakistan,hostile
2090501422211097006,Iran,Saudi Arabia,hostile
2090501422211097006,Iran,Turkiye,hostile
2090501422211097006,Pakistan,Saudi Arabia,neutral-reporting
2090501422211097006,Pakistan,Turkiye,neutral-reporting
2090501422211097006,Saudi Arabia,Turkiye,neutral-reporting
2090497958865223943,Iran,Saudi Arabia,hostile
2090497207720108441,Pakistan,Saudi Arabia,neutral-reporting
2090497207720108441,Pakistan,Turkiye,neutral-reporting
2090497207720108441,Saudi Arabia,Turkiye,neutral-reporting
2090484031628394632,Pakistan,Saudi Arabia,neutral-reporting
2090484031628394632,Pakistan,Turkiye,neutral-reporting
2090484031628394632,Saudi Arabia,Turkiye,neutral-reporting
2090473732997259643,Pakistan,Saudi Arabia,neutral-reporting
2090473732997259643,Pakistan,Turkiye,neutral-reporting
2090473732997259643,Saudi Arabia,Turkiye,neutral-reporting
2090471496166858968,Pakistan,Saudi Arabia,neutral-reporting
2090471496166858968,Pakistan,Turkiye,neutral-reporting
2090471496166858968,Saudi Arabia,Turkiye,neutral-reporting
2090463865653936347,Pakistan,Saudi Arabia,neutral-reporting
2090463865653936347,Pakistan,Turkiye,neutral-reporting
2090463865653936347,Saudi Arabia,Turkiye,neutral-reporting
2090458499667153364,Pakistan,Saudi Arabia,neutral-reporting
2090458499667153364,Pakistan,Turkiye,neutral-reporting
2090458499667153364,Saudi Arabia,Turkiye,neutral-reporting
2090457311894458796,Iran,Pakistan,neutral-reporting
2090457311894458796,Iran,Saudi Arabia,neutral-reporting
2090457311894458796,Iran,Turkiye,neutral-reporting
2090457311894458796,Pakistan,Saudi Arabia,neutral-reporting
2090457311894458796,Pakistan,Turkiye,neutral-reporting
2090457311894458796,Saudi Arabia,Turkiye,neutral-reporting
2090456298894614573,Pakistan,Saudi Arabia,neutral-reporting
2090456298894614573,Pakistan,Turkiye,neutral-reporting
2090456298894614573,Saudi Arabia,Turkiye,neutral-reporting
2090454142011531637,Iran,Turkiye,skeptical
2090441410054889510,Pakistan,Saudi Arabia,neutral-reporting
2090441410054889510,Pakistan,Turkiye,neutral-reporting
2090441410054889510,Saudi Arabia,Turkiye,neutral-reporting
2090436165157769454,Saudi Arabia,Turkiye,neutral-reporting
2090435389559656856,Pakistan,Turkiye,supportive
2090434310507466817,Pakistan,Saudi Arabia,neutral-reporting
2090434310507466817,Pakistan,Turkiye,neutral-reporting
2090434310507466817,Saudi Arabia,Turkiye,neutral-reporting
2090431775709266154,Iran,Pakistan,unclear
2090431775709266154,Iran,Saudi Arabia,unclear
2090431775709266154,Iran,Turkiye,unclear
2090431775709266154,Pakistan,Saudi Arabia,skeptical
2090431775709266154,Pakistan,Turkiye,skeptical
2090431775709266154,Saudi Arabia,Turkiye,skeptical
2090430824256545090,Pakistan,Turkiye,neutral-reporting
2090427380154445832,Iran,Saudi Arabia,unclear
2090427380154445832,Iran,Turkiye,unclear
2090427380154445832,Saudi Arabia,Turkiye,neutral-reporting
2090423851033219159,Iran,Saudi Arabia,hostile
2090422346989679049,Pakistan,Saudi Arabia,neutral-reporting
2090422346989679049,Pakistan,Turkiye,neutral-reporting
2090422346989679049,Saudi Arabia,Turkiye,neutral-reporting
2090411366628708386,Pakistan,Turkiye,supportive
2090404181718782459,Pakistan,Saudi Arabia,neutral-reporting
2090404181718782459,Pakistan,Turkiye,neutral-reporting
2090404181718782459,Saudi Arabia,Turkiye,neutral-reporting
2090400671153492350,Pakistan,Saudi Arabia,neutral-reporting
2090400671153492350,Pakistan,Turkiye,neutral-reporting
2090400671153492350,Saudi Arabia,Turkiye,neutral-reporting
2090399427273855034,Pakistan,Saudi Arabia,skeptical
2090399427273855034,Pakistan,Turkiye,skeptical
2090399427273855034,Saudi Arabia,Turkiye,skeptical
2090376482787119182,Pakistan,Saudi Arabia,neutral-reporting
2090376482787119182,Pakistan,Turkiye,neutral-reporting
2090376482787119182,Saudi Arabia,Turkiye,neutral-reporting
2090364535349957063,Pakistan,Saudi Arabia,neutral-reporting
2090364535349957063,Pakistan,Turkiye,neutral-reporting
2090364535349957063,Pakistan,United States,neutral-reporting
2090364535349957063,Saudi Arabia,Turkiye,neutral-reporting
2090364535349957063,Saudi Arabia,United States,neutral-reporting
2090364535349957063,Turkiye,United States,neutral-reporting
2090354524729045502,Saudi Arabia,Turkiye,skeptical
2090346429172838474,Saudi Arabia,Pakistan,supportive
2090346429172838474,Saudi Arabia,Turkiye,supportive
2090346429172838474,Pakistan,Turkiye,supportive
2090326982265627078,Saudi Arabia,Pakistan,neutral-reporting
2090326982265627078,Saudi Arabia,Turkiye,neutral-reporting
2090326982265627078,Pakistan,Turkiye,neutral-reporting
2090308111219212639,Saudi Arabia,Pakistan,skeptical
2090308111219212639,Saudi Arabia,Turkiye,skeptical
2090308111219212639,Pakistan,Turkiye,skeptical
2090306626192372089,Saudi Arabia,Turkiye,skeptical
2090306626192372089,Pakistan,Turkiye,skeptical
2090231006653505554,Iran,Turkiye,hostile
2090205717806436594,Pakistan,Saudi Arabia,neutral-reporting
2090205717806436594,Pakistan,Turkiye,neutral-reporting
2090205717806436594,Saudi Arabia,Turkiye,neutral-reporting
2090203736463352312,Pakistan,Saudi Arabia,supportive
2090203354890895734,Pakistan,Saudi Arabia,skeptical
2090182134120263781,Pakistan,Saudi Arabia,neutral-reporting
2090182134120263781,Pakistan,Turkiye,neutral-reporting
2090182134120263781,Saudi Arabia,Turkiye,neutral-reporting
2090182134120263781,Pakistan,United States,neutral-reporting
2090182134120263781,Saudi Arabia,United States,neutral-reporting
2090182134120263781,Turkiye,United States,neutral-reporting
2090182016595530165,Pakistan,Saudi Arabia,neutral-reporting
2090182016595530165,Pakistan,Turkiye,neutral-reporting
2090182016595530165,Saudi Arabia,Turkiye,neutral-reporting
2090182016595530165,Pakistan,United States,hostile
2090182016595530165,Saudi Arabia,United States,hostile
2090182016595530165,Turkiye,United States,hostile
2090177194924367920,Pakistan,Saudi Arabia,skeptical
2090177194924367920,Pakistan,Turkiye,skeptical
2090177194924367920,Saudi Arabia,Turkiye,skeptical
2090172014468194801,Iran,Turkiye,hostile
2090163347635241311,Iran,Turkiye,skeptical
2090163069062091139,Iran,Turkiye,skeptical
2090159764051243354,Pakistan,Saudi Arabia,skeptical
2090159764051243354,Pakistan,Turkiye,skeptical
2090159764051243354,Saudi Arabia,Turkiye,skeptical
2090156003073663002,Pakistan,Saudi Arabia,neutral-reporting
2090156003073663002,Pakistan,Turkiye,neutral-reporting
2090156003073663002,Saudi Arabia,Turkiye,neutral-reporting
2090156003073663002,Pakistan,United States,hostile
2090156003073663002,Saudi Arabia,United States,hostile
2090156003073663002,Turkiye,United States,hostile
2090148252746154069,Pakistan,Saudi Arabia,supportive
2090148252746154069,Pakistan,Turkiye,supportive
2090148252746154069,Saudi Arabia,Turkiye,supportive
2090148252746154069,Pakistan,United States,neutral-reporting
2090148252746154069,Saudi Arabia,United States,neutral-reporting
2090148252746154069,Turkiye,United States,neutral-reporting
2090131261457080374,Saudi Arabia,Turkiye,skeptical
2090125747767964050,Pakistan,Saudi Arabia,supportive
2090123357828079951,Pakistan,Saudi Arabia,skeptical
2090123357828079951,Pakistan,Turkiye,skeptical
2090123357828079951,Saudi Arabia,Turkiye,skeptical
2090121617431281754,Iran,United States,neutral-reporting
2090121617372528916,Pakistan,Saudi Arabia,neutral-reporting
2090121617372528916,Pakistan,Turkiye,neutral-reporting
2090121617372528916,Saudi Arabia,Turkiye,neutral-reporting
2090120002833981918,Pakistan,Saudi Arabia,neutral-reporting
2090114043751346424,Pakistan,Saudi Arabia,neutral-reporting
2090114043751346424,Pakistan,Turkiye,neutral-reporting
2090114043751346424,Saudi Arabia,Turkiye,neutral-reporting
2090108945872392486,Iran,Turkiye,hostile
2090108135713489309,Pakistan,Turkiye,neutral-reporting
2090107785933390099,Pakistan,Saudi Arabia,neutral-reporting
2090107785933390099,Pakistan,Turkiye,neutral-reporting
2090107785933390099,Saudi Arabia,Turkiye,neutral-reporting
2090093977232171219,Pakistan,United States,skeptical
2090092397610876949,Iran,Turkiye,hostile
2090091261826883926,Pakistan,Saudi Arabia,neutral-reporting
2090091261826883926,Pakistan,Turkiye,neutral-reporting
2090091261826883926,Saudi Arabia,Turkiye,neutral-reporting
2090088058670731473,Pakistan,Saudi Arabia,neutral-reporting
2090088058670731473,Pakistan,Turkiye,neutral-reporting
2090088058670731473,Saudi Arabia,Turkiye,neutral-reporting
2090069800886165967,Iran,Turkiye,hostile
2090063431902564359,Pakistan,Saudi Arabia,supportive
2090063431902564359,Pakistan,Turkiye,supportive
2090063431902564359,Saudi Arabia,Turkiye,supportive
2090061220246323546,Pakistan,Saudi Arabia,skeptical
2090061220246323546,Pakistan,Turkiye,skeptical
2090061220246323546,Saudi Arabia,Turkiye,skeptical
2090058775843799498,Pakistan,Saudi Arabia,skeptical
2090056623574143439,Pakistan,Turkiye,supportive
2090053668913791023,Pakistan,Saudi Arabia,skeptical
2090053668913791023,Pakistan,Turkiye,skeptical
2090053668913791023,Saudi Arabia,Turkiye,skeptical
2090051802486153282,Pakistan,Turkiye,supportive
2090048634238713984,Pakistan,Saudi Arabia,neutral-reporting
2090048634238713984,Pakistan,Turkiye,neutral-reporting
2090048634238713984,Saudi Arabia,Turkiye,neutral-reporting
2090043327416816120,Pakistan,Saudi Arabia,skeptical
2090043327416816120,Pakistan,Turkiye,skeptical
2090043327416816120,Saudi Arabia,Turkiye,skeptical
2090040011370467586,Pakistan,Saudi Arabia,neutral-reporting
2090040011370467586,Pakistan,Turkiye,neutral-reporting
2090040011370467586,Saudi Arabia,Turkiye,neutral-reporting
2090035072607125569,Iran,Pakistan,neutral-reporting
2090035072607125569,Iran,Saudi Arabia,neutral-reporting
2090035072607125569,Iran,Turkiye,neutral-reporting
2090035072607125569,Pakistan,Saudi Arabia,neutral-reporting
2090035072607125569,Pakistan,Turkiye,neutral-reporting
2090035072607125569,Saudi Arabia,Turkiye,neutral-reporting
2090030976722219080,Iran,Pakistan,skeptical
2090030976722219080,Iran,Saudi Arabia,skeptical
2090030976722219080,Pakistan,Saudi Arabia,skeptical
2090028796665553307,Pakistan,Saudi Arabia,neutral-reporting
2090028796665553307,Pakistan,Turkiye,neutral-reporting
2090028796665553307,Saudi Arabia,Turkiye,neutral-reporting
2090028461402284210,Pakistan,Saudi Arabia,neutral-reporting
2090028461402284210,Pakistan,Turkiye,neutral-reporting
2090028461402284210,Saudi Arabia,Turkiye,neutral-reporting
2090014740705607807,Pakistan,Saudi Arabia,neutral-reporting
2090014740705607807,Pakistan,Turkiye,neutral-reporting
2090014740705607807,Saudi Arabia,Turkiye,neutral-reporting
2090000854598270989,Pakistan,Saudi Arabia,neutral-reporting
2090000854598270989,Pakistan,Turkiye,neutral-reporting
2090000854598270989,Saudi Arabia,Turkiye,neutral-reporting
2090000186441359626,Pakistan,Saudi Arabia,neutral-reporting
2090000186441359626,Pakistan,Turkiye,neutral-reporting
2090000186441359626,Saudi Arabia,Turkiye,neutral-reporting
2089999479420141909,Pakistan,Saudi Arabia,neutral-reporting
2089999479420141909,Pakistan,Turkiye,neutral-reporting
2089999479420141909,Saudi Arabia,Turkiye,neutral-reporting
2089998920101548187,Pakistan,Turkiye,supportive
2089993842053521713,Pakistan,Saudi Arabia,neutral-reporting
2089993842053521713,Pakistan,Turkiye,neutral-reporting
2089993842053521713,Saudi Arabia,Turkiye,neutral-reporting
2089985756378939724,Pakistan,Saudi Arabia,neutral-reporting
2089985756378939724,Pakistan,Turkiye,neutral-reporting
2089985756378939724,Saudi Arabia,Turkiye,neutral-reporting
2089978175879073968,Iran,Saudi Arabia,hostile
2089966241184109023,Pakistan,Saudi Arabia,neutral-reporting
2089966241184109023,Pakistan,Turkiye,neutral-reporting
2089966241184109023,Saudi Arabia,Turkiye,neutral-reporting
2089952131604160900,Pakistan,Turkiye,supportive
2089945758367891529,Pakistan,Saudi Arabia,neutral-reporting
2089945758367891529,Pakistan,Turkiye,neutral-reporting
2089945758367891529,Saudi Arabia,Turkiye,neutral-reporting
2089934545441222990,Pakistan,Saudi Arabia,supportive
2089934545441222990,Pakistan,Turkiye,supportive
2089934545441222990,Saudi Arabia,Turkiye,supportive
2089933148389798067,Iran,Saudi Arabia,hostile
2089933148389798067,Iran,Turkiye,hostile
2089933148389798067,Iran,United States,hostile
2089933148389798067,Saudi Arabia,Turkiye,neutral-reporting
2089933148389798067,Saudi Arabia,United States,neutral-reporting
2089933148389798067,Turkiye,United States,neutral-reporting
2089932160157532527,Pakistan,Saudi Arabia,neutral-reporting
2089932160157532527,Pakistan,Turkiye,neutral-reporting
2089932160157532527,Saudi Arabia,Turkiye,neutral-reporting
2089929135829176586,Pakistan,Saudi Arabia,neutral-reporting
2089929135829176586,Pakistan,Turkiye,neutral-reporting
2089929135829176586,Saudi Arabia,Turkiye,neutral-reporting
2089926595221823540,Pakistan,Saudi Arabia,neutral-reporting
2089926595221823540,Pakistan,Turkiye,neutral-reporting
2089926595221823540,Saudi Arabia,Turkiye,neutral-reporting
2089924397574623365,Pakistan,Saudi Arabia,neutral-reporting
2089924397574623365,Pakistan,Turkiye,neutral-reporting
2089924397574623365,Saudi Arabia,Turkiye,neutral-reporting
2089921954526499279,Iran,Saudi Arabia,neutral-reporting
2089897218144886887,Pakistan,Saudi Arabia,neutral-reporting
2089897218144886887,Pakistan,Turkiye,neutral-reporting
2089897218144886887,Saudi Arabia,Turkiye,neutral-reporting
2089895410164965862,Iran,Pakistan,skeptical
2089895410164965862,Iran,Saudi Arabia,skeptical
2089895410164965862,Iran,Turkiye,skeptical
2089895410164965862,Pakistan,Saudi Arabia,neutral-reporting
2089895410164965862,Pakistan,Turkiye,neutral-reporting
2089895410164965862,Saudi Arabia,Turkiye,neutral-reporting
2089881538410213683,Pakistan,Saudi Arabia,supportive
2089881538410213683,Pakistan,Turkiye,supportive
2089881538410213683,Saudi Arabia,Turkiye,supportive
2089879101461139472,Pakistan,Turkiye,neutral-reporting
2089861267347636448,Pakistan,Saudi Arabia,neutral-reporting
2089858134148079856,Pakistan,Saudi Arabia,skeptical
2089858134148079856,Pakistan,Turkiye,skeptical
2089858134148079856,Saudi Arabia,Turkiye,skeptical
2089857399175655833,Iran,Turkiye,skeptical
2089856001029881932,Iran,Pakistan,hostile
2089856001029881932,Iran,Saudi Arabia,hostile
2089856001029881932,Iran,Turkiye,hostile
2089856001029881932,Iran,United States,hostile
2089856001029881932,Pakistan,Saudi Arabia,hostile
2089856001029881932,Pakistan,Turkiye,hostile
2089856001029881932,Pakistan,United States,hostile
2089856001029881932,Saudi Arabia,Turkiye,hostile
2089856001029881932,Saudi Arabia,United States,hostile
2089856001029881932,Turkiye,United States,hostile
2089852410642448691,Iran,Pakistan,neutral-reporting
2089852410642448691,Iran,Saudi Arabia,neutral-reporting
2089852410642448691,Iran,Turkiye,neutral-reporting
2089852410642448691,Pakistan,Saudi Arabia,neutral-reporting
2089852410642448691,Pakistan,Turkiye,neutral-reporting
2089852410642448691,Saudi Arabia,Turkiye,neutral-reporting
2089844645081846201,Pakistan,Saudi Arabia,neutral-reporting
2089844645081846201,Pakistan,Turkiye,neutral-reporting
2089844645081846201,Saudi Arabia,Turkiye,neutral-reporting
2089842427049734335,Pakistan,Saudi Arabia,neutral-reporting
2089842427049734335,Pakistan,Turkiye,neutral-reporting
2089842427049734335,Saudi Arabia,Turkiye,neutral-reporting
2089813246043718003,Iran,Turkiye,skeptical
2089810578319503378,Pakistan,Saudi Arabia,supportive
2089810578319503378,Pakistan,Turkiye,supportive
2089810578319503378,Saudi Arabia,Turkiye,supportive
2089810045278052381,Pakistan,United States,neutral-reporting
2089805196465467579,Iran,Turkiye,hostile
2089800136767811838,Pakistan,Turkiye,supportive
2089798688591741245,Iran,Turkiye,skeptical
2089795727832605049,Iran,Pakistan,hostile
2089795727832605049,Iran,Saudi Arabia,hostile
2089795727832605049,Iran,Turkiye,hostile
2089795727832605049,Iran,United States,hostile
2089795727832605049,Pakistan,Saudi Arabia,supportive
2089795727832605049,Pakistan,Turkiye,supportive
2089795727832605049,Pakistan,United States,supportive
2089795727832605049,Saudi Arabia,Turkiye,supportive
2089795727832605049,Saudi Arabia,United States,supportive
2089795727832605049,Turkiye,United States,supportive
2089790684555309177,Pakistan,Saudi Arabia,supportive
2089790684555309177,Pakistan,Turkiye,supportive
2089790684555309177,Saudi Arabia,Turkiye,supportive
2089788206732689730,Pakistan,Saudi Arabia,neutral-reporting
2089788206732689730,Pakistan,Turkiye,neutral-reporting
2089788206732689730,Saudi Arabia,Turkiye,neutral-reporting
2089781377461813644,Pakistan,Saudi Arabia,supportive
2089781377461813644,Pakistan,Turkiye,supportive
2089781377461813644,Pakistan,United States,hostile
2089781377461813644,Saudi Arabia,Turkiye,supportive
2089781377461813644,Saudi Arabia,United States,hostile
2089781377461813644,Turkiye,United States,hostile
2089775024089788419,Pakistan,Saudi Arabia,supportive
2089775024089788419,Pakistan,Turkiye,supportive
2089775024089788419,Saudi Arabia,Turkiye,supportive
2089772550716821877,Iran,Turkiye,skeptical
2089765148777201826,Pakistan,Saudi Arabia,hostile
2089765148777201826,Pakistan,Turkiye,hostile
2089765148777201826,Saudi Arabia,Turkiye,hostile
2089763079898960200,Iran,Turkiye,neutral-reporting
2089760977755476009,Pakistan,Saudi Arabia,supportive
2089760977755476009,Pakistan,Turkiye,supportive
2089760977755476009,Pakistan,United States,neutral-reporting
2089760977755476009,Saudi Arabia,Turkiye,supportive
2089760977755476009,Saudi Arabia,United States,neutral-reporting
2089760977755476009,Turkiye,United States,neutral-reporting
2089759118840254535,Pakistan,Turkiye,neutral-reporting
2089756797775040931,Iran,Pakistan,unclear
2089756797775040931,Iran,Saudi Arabia,unclear
2089756797775040931,Iran,Turkiye,unclear
2089756797775040931,Iran,United States,hostile
2089756797775040931,Pakistan,Saudi Arabia,neutral-reporting
2089756797775040931,Pakistan,Turkiye,neutral-reporting
2089756797775040931,Pakistan,United States,unclear
2089756797775040931,Saudi Arabia,Turkiye,neutral-reporting
2089756797775040931,Saudi Arabia,United States,unclear
2089756797775040931,Turkiye,United States,mediating
2089750846019952903,Iran,Pakistan,unclear
2089750846019952903,Iran,Saudi Arabia,unclear
2089750846019952903,Iran,Turkiye,unclear
2089750846019952903,Pakistan,Saudi Arabia,supportive
2089750846019952903,Pakistan,Turkiye,supportive
2089750846019952903,Saudi Arabia,Turkiye,supportive
2089736436920840584,Pakistan,Saudi Arabia,neutral-reporting
2089736436920840584,Pakistan,Turkiye,neutral-reporting
2089736436920840584,Saudi Arabia,Turkiye,neutral-reporting
2089733476916338785,Iran,Turkiye,neutral-reporting
2089733476916338785,Iran,United States,neutral-reporting
2089733476916338785,Turkiye,United States,neutral-reporting
2089733006252486938,Pakistan,Saudi Arabia,skeptical
2089733006252486938,Pakistan,Turkiye,skeptical
2089733006252486938,Saudi Arabia,Turkiye,skeptical
2089731380087505179,Pakistan,Turkiye,supportive
2089730915530391907,Iran,Turkiye,skeptical
2089710795063988548,Pakistan,Saudi Arabia,neutral-reporting
2089710795063988548,Pakistan,Turkiye,neutral-reporting
2089710795063988548,Saudi Arabia,Turkiye,neutral-reporting
2089706401396318614,Pakistan,Saudi Arabia,neutral-reporting
2089706401396318614,Pakistan,Turkiye,neutral-reporting
2089706401396318614,Saudi Arabia,Turkiye,neutral-reporting
2089706380068614381,Pakistan,Saudi Arabia,neutral-reporting
2089706380068614381,Pakistan,Turkiye,neutral-reporting
2089706380068614381,Saudi Arabia,Turkiye,neutral-reporting
2089699222442651991,Pakistan,Saudi Arabia,neutral-reporting
2089699222442651991,Pakistan,Turkiye,neutral-reporting
2089699222442651991,Saudi Arabia,Turkiye,neutral-reporting
2089699222442651991,Iran,United States,neutral-reporting
2089699222442651991,Turkiye,United States,neutral-reporting
2089699146470940734,Pakistan,Saudi Arabia,skeptical
2089690338889781687,Pakistan,Saudi Arabia,hostile
2089690338889781687,Pakistan,Turkiye,hostile
2089690338889781687,Saudi Arabia,Turkiye,hostile
2089690338889781687,Iran,Pakistan,hostile
2089690338889781687,Iran,Saudi Arabia,hostile
2089690338889781687,Iran,Turkiye,hostile
2089688808325312925,Saudi Arabia,Turkiye,neutral-reporting
2089687326502904285,Pakistan,Saudi Arabia,neutral-reporting
2089687326502904285,Pakistan,Turkiye,neutral-reporting
2089687326502904285,Saudi Arabia,Turkiye,neutral-reporting
2089687326502904285,Pakistan,United States,hostile
2089687326502904285,Saudi Arabia,United States,hostile
2089687326502904285,Turkiye,United States,hostile
2089686478582657350,Pakistan,Saudi Arabia,neutral-reporting
2089686478582657350,Pakistan,Turkiye,neutral-reporting
2089686478582657350,Saudi Arabia,Turkiye,neutral-reporting
2089685894584512660,Pakistan,Saudi Arabia,neutral-reporting
2089685894584512660,Pakistan,Turkiye,neutral-reporting
2089685894584512660,Saudi Arabia,Turkiye,neutral-reporting
2089685493483196904,Pakistan,Saudi Arabia,neutral-reporting
2089685493483196904,Pakistan,Turkiye,neutral-reporting
2089685493483196904,Saudi Arabia,Turkiye,neutral-reporting
2089684638835106189,Pakistan,Turkiye,hostile
2089682665297391726,Pakistan,Saudi Arabia,neutral-reporting
2089682665297391726,Pakistan,Turkiye,neutral-reporting
2089682665297391726,Saudi Arabia,Turkiye,neutral-reporting
2089672155935944921,Saudi Arabia,Turkiye,neutral-reporting
2089670781676781724,Pakistan,Saudi Arabia,neutral-reporting
2089670781676781724,Pakistan,Turkiye,neutral-reporting
2089670781676781724,Saudi Arabia,Turkiye,neutral-reporting
2089668457511944409,Pakistan,Saudi Arabia,neutral-reporting
2089668457511944409,Pakistan,Turkiye,neutral-reporting
2089668457511944409,Saudi Arabia,Turkiye,neutral-reporting
2089666460734066965,Iran,Pakistan,skeptical
2089666460734066965,Iran,Saudi Arabia,hostile
2089666460734066965,Iran,Turkiye,skeptical
2089666460734066965,Pakistan,Saudi Arabia,skeptical
2089666460734066965,Pakistan,Turkiye,skeptical
2089666460734066965,Saudi Arabia,Turkiye,skeptical
2089661080285102551,Iran,Saudi Arabia,hostile
2089657580998304159,Pakistan,Saudi Arabia,neutral-reporting
2089657580998304159,Pakistan,Turkiye,neutral-reporting
2089657580998304159,Saudi Arabia,Turkiye,neutral-reporting
2089653543410041071,Pakistan,Saudi Arabia,neutral-reporting
2089653543410041071,Pakistan,Turkiye,neutral-reporting
2089653543410041071,Saudi Arabia,Turkiye,neutral-reporting
2089647449019150638,Pakistan,Saudi Arabia,neutral-reporting
2089647449019150638,Pakistan,Turkiye,neutral-reporting
2089647449019150638,Saudi Arabia,Turkiye,neutral-reporting
2089641594584518665,Pakistan,Saudi Arabia,neutral-reporting
2089641594584518665,Pakistan,Turkiye,neutral-reporting
2089641594584518665,Saudi Arabia,Turkiye,neutral-reporting
2089637256176758997,Iran,Pakistan,skeptical
2089637256176758997,Iran,Turkiye,skeptical
2089637256176758997,Pakistan,Turkiye,skeptical
2089633775294775586,Pakistan,Saudi Arabia,supportive
2089633775294775586,Pakistan,Turkiye,supportive
2089633775294775586,Saudi Arabia,Turkiye,supportive
2089626919218364603,Pakistan,Saudi Arabia,neutral-reporting
2089626919218364603,Pakistan,Turkiye,neutral-reporting
2089626919218364603,Saudi Arabia,Turkiye,neutral-reporting
2089622981903585417,Pakistan,Saudi Arabia,neutral-reporting
2089622981903585417,Pakistan,Turkiye,neutral-reporting
2089622981903585417,Saudi Arabia,Turkiye,neutral-reporting
2089620773439000719,Pakistan,Saudi Arabia,supportive
2089620773439000719,Pakistan,Turkiye,supportive
2089620773439000719,Saudi Arabia,Turkiye,supportive
2089615606110716051,Pakistan,Saudi Arabia,neutral-reporting
2089615606110716051,Pakistan,Turkiye,neutral-reporting
2089615606110716051,Saudi Arabia,Turkiye,neutral-reporting
2089615371796181262,Pakistan,Saudi Arabia,neutral-reporting
2089615371796181262,Pakistan,Turkiye,neutral-reporting
2089615371796181262,Saudi Arabia,Turkiye,neutral-reporting
2089608935074377788,Pakistan,Saudi Arabia,neutral-reporting
2089608935074377788,Pakistan,Turkiye,neutral-reporting
2089608935074377788,Saudi Arabia,Turkiye,neutral-reporting
2089608281245233654,Pakistan,Saudi Arabia,neutral-reporting
2089608281245233654,Pakistan,Turkiye,neutral-reporting
2089608281245233654,Saudi Arabia,Turkiye,neutral-reporting
2089607483132199188,Pakistan,Saudi Arabia,neutral-reporting
2089607483132199188,Pakistan,Turkiye,neutral-reporting
2089607483132199188,Saudi Arabia,Turkiye,neutral-reporting
2089598307370668081,Pakistan,Saudi Arabia,neutral-reporting
2089598307370668081,Pakistan,Turkiye,neutral-reporting
2089598307370668081,Saudi Arabia,Turkiye,neutral-reporting
2089595045276270943,Pakistan,Saudi Arabia,neutral-reporting
2089595045276270943,Pakistan,Turkiye,neutral-reporting
2089595045276270943,Saudi Arabia,Turkiye,neutral-reporting
2089594243090407462,Pakistan,Saudi Arabia,neutral-reporting
2089594243090407462,Pakistan,Turkiye,neutral-reporting
2089594243090407462,Saudi Arabia,Turkiye,neutral-reporting
2089594243090407462,Pakistan,United States,hostile
2089594243090407462,Saudi Arabia,United States,hostile
2089594243090407462,Turkiye,United States,hostile
2089592471399354474,Pakistan,Saudi Arabia,neutral-reporting
2089592471399354474,Pakistan,Turkiye,neutral-reporting
2089592471399354474,Saudi Arabia,Turkiye,neutral-reporting
2089581699416170842,Pakistan,Saudi Arabia,neutral-reporting
2089581699416170842,Pakistan,Turkiye,neutral-reporting
2089581699416170842,Saudi Arabia,Turkiye,neutral-reporting
2089580749125239168,Pakistan,Saudi Arabia,neutral-reporting
2089580749125239168,Pakistan,Turkiye,neutral-reporting
2089580749125239168,Saudi Arabia,Turkiye,neutral-reporting
2089576314009497837,Pakistan,Saudi Arabia,neutral-reporting
2089576314009497837,Pakistan,Turkiye,neutral-reporting
2089576314009497837,Saudi Arabia,Turkiye,neutral-reporting
2089575638814404733,Pakistan,Saudi Arabia,neutral-reporting
2089575638814404733,Pakistan,Turkiye,neutral-reporting
2089575638814404733,Saudi Arabia,Turkiye,neutral-reporting
2089573521735446872,Pakistan,Turkiye,neutral-reporting
2089571646734561622,Pakistan,Saudi Arabia,neutral-reporting
2089571646734561622,Pakistan,Turkiye,neutral-reporting
2089571646734561622,Saudi Arabia,Turkiye,neutral-reporting
2089569114289569947,Iran,Turkiye,skeptical
2089566708553953428,Pakistan,Saudi Arabia,neutral-reporting
2089566708553953428,Pakistan,Turkiye,neutral-reporting
2089566708553953428,Saudi Arabia,Turkiye,neutral-reporting
2089545604305219976,Pakistan,Iran,hostile
2089543749991108862,Pakistan,Saudi Arabia,neutral-reporting
2089541280061681965,Saudi Arabia,United States,neutral-reporting
2089539843479183469,Pakistan,Saudi Arabia,supportive
2089539843479183469,Pakistan,Turkiye,supportive
2089539843479183469,Saudi Arabia,Turkiye,supportive
2089537249666793696,Pakistan,Saudi Arabia,neutral-reporting
2089537249666793696,Pakistan,Turkiye,neutral-reporting
2089537249666793696,Saudi Arabia,Turkiye,hostile
2089533146438029741,Pakistan,Saudi Arabia,supportive
2089533146438029741,Pakistan,Turkiye,supportive
2089533146438029741,Saudi Arabia,Turkiye,supportive
2089533146438029741,Pakistan,United States,supportive
2089533146438029741,Saudi Arabia,United States,supportive
2089533146438029741,Turkiye,United States,supportive
2089527230116606385,Pakistan,Saudi Arabia,skeptical
2089527230116606385,Pakistan,Turkiye,skeptical
2089527230116606385,Saudi Arabia,Turkiye,skeptical
2089505633317908595,Pakistan,Saudi Arabia,neutral-reporting
2089505633317908595,Pakistan,Turkiye,neutral-reporting
2089505633317908595,Saudi Arabia,Turkiye,neutral-reporting
2089485584171442340,Pakistan,Saudi Arabia,neutral-reporting
2089485584171442340,Pakistan,Turkiye,neutral-reporting
2089485584171442340,Saudi Arabia,Turkiye,neutral-reporting
2089480207057215707,Saudi Arabia,United States,hostile
2089480207057215707,Iran,Saudi Arabia,hostile
2089480207057215707,Iran,United States,hostile
2089476416450548068,Pakistan,Saudi Arabia,supportive
2089476416450548068,Pakistan,Turkiye,supportive
2089476416450548068,Saudi Arabia,Turkiye,supportive
2089470906154291600,Pakistan,Saudi Arabia,neutral-reporting
2089470906154291600,Pakistan,Turkiye,neutral-reporting
2089470906154291600,Saudi Arabia,Turkiye,neutral-reporting
2089470906154291600,Iran,United States,hostile
2089467121046618282,Pakistan,Saudi Arabia,neutral-reporting
2089467121046618282,Pakistan,Turkiye,neutral-reporting
2089467121046618282,Saudi Arabia,Turkiye,neutral-reporting
2089457237706039472,Pakistan,Saudi Arabia,neutral-reporting
2089457237706039472,Pakistan,Turkiye,neutral-reporting
2089457237706039472,Saudi Arabia,Turkiye,neutral-reporting
2089457237706039472,Iran,United States,hostile
2089454510091772288,Saudi Arabia,Turkiye,supportive
2089454510091772288,Saudi Arabia,Pakistan,supportive
2089454510091772288,Turkiye,Pakistan,supportive
2089454510091772288,Saudi Arabia,Iran,neutral-reporting
2089454510091772288,Turkiye,Iran,neutral-reporting
2089454510091772288,Pakistan,Iran,neutral-reporting
2089454510091772288,Saudi Arabia,United States,neutral-reporting
2089454510091772288,Turkiye,United States,neutral-reporting
2089454510091772288,Pakistan,United States,neutral-reporting
2089453633616425052,Saudi Arabia,Turkiye,neutral-reporting
2089450255825654208,Saudi Arabia,Turkiye,supportive
2089450255825654208,Saudi Arabia,Pakistan,supportive
2089450255825654208,Turkiye,Pakistan,supportive
2089443391549723127,Iran,Pakistan,hostile
2089443391549723127,Iran,Saudi Arabia,hostile
2089443391549723127,Iran,Turkiye,hostile
2089443391549723127,Iran,United States,hostile
2089443391549723127,Pakistan,Saudi Arabia,supportive
2089443391549723127,Pakistan,Turkiye,supportive
2089443391549723127,Pakistan,United States,neutral-reporting
2089443391549723127,Saudi Arabia,Turkiye,supportive
2089443391549723127,Saudi Arabia,United States,supportive
2089443391549723127,Turkiye,United States,neutral-reporting
2089440215861719324,Iran,Pakistan,hostile
2089440215861719324,Iran,Saudi Arabia,hostile
2089440215861719324,Iran,Turkiye,hostile
2089440215861719324,Pakistan,Saudi Arabia,supportive
2089440215861719324,Pakistan,Turkiye,supportive
2089440215861719324,Saudi Arabia,Turkiye,supportive
2089434983677239785,Pakistan,Saudi Arabia,neutral-reporting
2089434983677239785,Pakistan,Turkiye,neutral-reporting
2089434983677239785,Saudi Arabia,Turkiye,neutral-reporting
2089434623160054219,Iran,Pakistan,hostile
2089434623160054219,Iran,Saudi Arabia,hostile
2089434623160054219,Iran,Turkiye,hostile
2089434623160054219,Iran,United States,hostile
2089434623160054219,Pakistan,Saudi Arabia,skeptical
2089434623160054219,Pakistan,Turkiye,skeptical
2089434623160054219,Pakistan,United States,skeptical
2089434623160054219,Saudi Arabia,Turkiye,skeptical
2089434623160054219,Saudi Arabia,United States,supportive
2089434623160054219,Turkiye,United States,skeptical
2089431532184481966,Iran,Pakistan,neutral-reporting
2089431532184481966,Iran,Turkiye,neutral-reporting
2089431532184481966,Pakistan,Turkiye,neutral-reporting
2089431532184481966,Iran,United States,hostile
2089431532184481966,Pakistan,United States,hostile
2089431532184481966,Turkiye,United States,hostile
2089429139577286982,Pakistan,Saudi Arabia,neutral-reporting
2089429139577286982,Pakistan,Turkiye,neutral-reporting
2089429139577286982,Saudi Arabia,Turkiye,neutral-reporting
2089423957653172650,Pakistan,Saudi Arabia,supportive
2089423957653172650,Pakistan,Turkiye,supportive
2089423957653172650,Saudi Arabia,Turkiye,supportive
2089423957653172650,Pakistan,United States,supportive
2089423957653172650,Saudi Arabia,United States,supportive
2089423957653172650,Turkiye,United States,supportive
2089419184874684542,Pakistan,Saudi Arabia,neutral-reporting
2089419184874684542,Pakistan,Turkiye,neutral-reporting
2089419184874684542,Saudi Arabia,Turkiye,neutral-reporting
2089418308718068027,Iran,United States,hostile
2089417717136650445,Iran,Pakistan,hostile
2089417717136650445,Iran,Saudi Arabia,hostile
2089417717136650445,Iran,Turkiye,hostile
2089417717136650445,Pakistan,Saudi Arabia,neutral-reporting
2089417717136650445,Pakistan,Turkiye,neutral-reporting
2089417717136650445,Saudi Arabia,Turkiye,neutral-reporting
2089416010172440691,Pakistan,Saudi Arabia,neutral-reporting
2089416010172440691,Pakistan,Turkiye,neutral-reporting
2089416010172440691,Saudi Arabia,Turkiye,neutral-reporting
2089413033378693564,Pakistan,Saudi Arabia,supportive
2089413033378693564,Pakistan,Turkiye,supportive
2089413033378693564,Saudi Arabia,Turkiye,supportive
2089412918320488727,Pakistan,Saudi Arabia,supportive
2089412918320488727,Pakistan,Turkiye,supportive
2089412918320488727,Saudi Arabia,Turkiye,supportive
2089410425230401876,Saudi Arabia,Turkiye,hostile
2089400976725954919,Pakistan,Saudi Arabia,supportive
2089400976725954919,Pakistan,Turkiye,supportive
2089400976725954919,Saudi Arabia,Turkiye,supportive
2089400976725954919,Pakistan,United States,supportive
2089399803465855252,Pakistan,Saudi Arabia,hostile
2089399803465855252,Pakistan,Turkiye,hostile
2089399803465855252,Saudi Arabia,Turkiye,hostile
2089399549592817871,Pakistan,Saudi Arabia,neutral-reporting
2089399549592817871,Pakistan,Turkiye,neutral-reporting
2089399549592817871,Saudi Arabia,Turkiye,neutral-reporting
2089397225663168635,Pakistan,United States,skeptical
2089397225663168635,Turkiye,United States,skeptical
2089397107543196013,Pakistan,Saudi Arabia,neutral-reporting
2089397107543196013,Pakistan,Turkiye,neutral-reporting
2089397107543196013,Saudi Arabia,Turkiye,neutral-reporting
2089387621369655643,Pakistan,Saudi Arabia,neutral-reporting
2089387621369655643,Pakistan,Turkiye,neutral-reporting
2089387621369655643,Saudi Arabia,Turkiye,neutral-reporting
2089382556102000653,Pakistan,Saudi Arabia,neutral-reporting
2089382556102000653,Pakistan,Turkiye,neutral-reporting
2089382556102000653,Saudi Arabia,Turkiye,neutral-reporting
2089382556102000653,Iran,Pakistan,neutral-reporting
2089382556102000653,Iran,Saudi Arabia,neutral-reporting
2089382556102000653,Iran,Turkiye,neutral-reporting
2089378483889918262,Pakistan,Saudi Arabia,neutral-reporting
2089378483889918262,Pakistan,Turkiye,neutral-reporting
2089378483889918262,Saudi Arabia,Turkiye,neutral-reporting
2089375723538600350,Pakistan,Saudi Arabia,neutral-reporting
2089375723538600350,Pakistan,Turkiye,neutral-reporting
2089375723538600350,Saudi Arabia,Turkiye,neutral-reporting
2089375091813732572,Iran,Saudi Arabia,hostile
2089370420533436732,Pakistan,Saudi Arabia,hostile
2089363349129888106,Pakistan,Saudi Arabia,neutral-reporting
2089363349129888106,Pakistan,Turkiye,neutral-reporting
2089363349129888106,Saudi Arabia,Turkiye,neutral-reporting
2089362944727666794,Pakistan,Saudi Arabia,neutral-reporting
2089362944727666794,Pakistan,Turkiye,neutral-reporting
2089362944727666794,Saudi Arabia,Turkiye,neutral-reporting
2089362092646412469,Pakistan,Saudi Arabia,neutral-reporting
2089362092646412469,Pakistan,Turkiye,neutral-reporting
2089362092646412469,Saudi Arabia,Turkiye,neutral-reporting
2089361120113119613,Pakistan,Saudi Arabia,neutral-reporting
2089361120113119613,Pakistan,Turkiye,neutral-reporting
2089361120113119613,Saudi Arabia,Turkiye,neutral-reporting
2089359139487322158,Iran,Pakistan,neutral-reporting
2089359139487322158,Iran,Saudi Arabia,neutral-reporting
2089359139487322158,Iran,Turkiye,neutral-reporting
2089359139487322158,Iran,United States,neutral-reporting
2089359139487322158,Pakistan,Saudi Arabia,neutral-reporting
2089359139487322158,Pakistan,Turkiye,neutral-reporting
2089359139487322158,Pakistan,United States,neutral-reporting
2089352276817436836,Pakistan,Saudi Arabia,neutral-reporting
2089352276817436836,Pakistan,Turkiye,neutral-reporting
2089352276817436836,Saudi Arabia,Turkiye,neutral-reporting
2089351179981758867,Pakistan,Saudi Arabia,supportive
2089351091393839161,Pakistan,Saudi Arabia,skeptical
2089351091393839161,Pakistan,Turkiye,skeptical
2089351091393839161,Saudi Arabia,Turkiye,skeptical
2089342489593573540,Pakistan,Saudi Arabia,neutral-reporting
2089342489593573540,Pakistan,Turkiye,neutral-reporting
2089342489593573540,Saudi Arabia,Turkiye,neutral-reporting
2089336195025453449,Pakistan,Saudi Arabia,neutral-reporting
2089336195025453449,Pakistan,Turkiye,neutral-reporting
2089336195025453449,Saudi Arabia,Turkiye,neutral-reporting
2089331275962486794,Pakistan,Saudi Arabia,supportive
2089331275962486794,Pakistan,Turkiye,supportive
2089331275962486794,Saudi Arabia,Turkiye,supportive
2089330392755048730,Iran,Saudi Arabia,neutral-reporting
2089329744693416361,Pakistan,Saudi Arabia,neutral-reporting
2089329744693416361,Pakistan,Turkiye,neutral-reporting
2089329744693416361,Saudi Arabia,Turkiye,neutral-reporting
2089326542333653207,Pakistan,Saudi Arabia,neutral-reporting
2089326542333653207,Pakistan,Turkiye,neutral-reporting
2089326542333653207,Saudi Arabia,Turkiye,neutral-reporting
2089322131809264000,Pakistan,Saudi Arabia,neutral-reporting
2089322131809264000,Pakistan,Turkiye,neutral-reporting
2089322131809264000,Saudi Arabia,Turkiye,neutral-reporting
2089321342784954614,Pakistan,Saudi Arabia,neutral-reporting
2089321342784954614,Pakistan,Turkiye,neutral-reporting
2089321342784954614,Saudi Arabia,Turkiye,neutral-reporting
2089319875437293636,Pakistan,Saudi Arabia,neutral-reporting
2089319875437293636,Pakistan,Turkiye,neutral-reporting
2089319875437293636,Saudi Arabia,Turkiye,neutral-reporting
2089319850405404813,Iran,Pakistan,skeptical
2089319850405404813,Iran,Turkiye,skeptical
2089319850405404813,Pakistan,Turkiye,neutral-reporting
2089309368466702641,Pakistan,Saudi Arabia,neutral-reporting
2089309368466702641,Pakistan,Turkiye,neutral-reporting
2089309368466702641,Pakistan,United States,neutral-reporting
2089309368466702641,Saudi Arabia,Turkiye,neutral-reporting
2089309368466702641,Saudi Arabia,United States,neutral-reporting
2089309368466702641,Turkiye,United States,neutral-reporting
2089307108252541417,Pakistan,Saudi Arabia,neutral-reporting
2089307108252541417,Pakistan,Turkiye,neutral-reporting
2089307108252541417,Saudi Arabia,Turkiye,neutral-reporting
2089306169500446919,Pakistan,Saudi Arabia,neutral-reporting
2089306169500446919,Pakistan,Turkiye,neutral-reporting
2089306169500446919,Saudi Arabia,Turkiye,neutral-reporting
2089305621002588585,Pakistan,Saudi Arabia,neutral-reporting
2089305621002588585,Pakistan,Turkiye,neutral-reporting
2089305621002588585,Saudi Arabia,Turkiye,neutral-reporting
2089302993036357776,Pakistan,Saudi Arabia,neutral-reporting
2089302993036357776,Pakistan,Turkiye,neutral-reporting
2089302993036357776,Saudi Arabia,Turkiye,neutral-reporting
2089301783222890817,Pakistan,Saudi Arabia,neutral-reporting
2089301783222890817,Pakistan,Turkiye,neutral-reporting
2089301783222890817,Saudi Arabia,Turkiye,neutral-reporting
2089301265331397081,Iran,Saudi Arabia,neutral-reporting
2089294027531174081,Pakistan,Saudi Arabia,neutral-reporting
2089294027531174081,Pakistan,Turkiye,neutral-reporting
2089294027531174081,Saudi Arabia,Turkiye,neutral-reporting
2089293980668186704,Saudi Arabia,Turkiye,neutral-reporting
2089291521426063525,Iran,Pakistan,neutral-reporting
2089291521426063525,Iran,Saudi Arabia,neutral-reporting
2089291521426063525,Iran,Turkiye,neutral-reporting
2089291521426063525,Pakistan,Saudi Arabia,neutral-reporting
2089291521426063525,Pakistan,Turkiye,neutral-reporting
2089291521426063525,Saudi Arabia,Turkiye,neutral-reporting
2089290932755570709,Iran,Pakistan,hostile
2089290932755570709,Iran,Turkiye,hostile
2089290932755570709,Iran,United States,hostile
2089290932755570709,Pakistan,Turkiye,neutral-reporting
2089290932755570709,Pakistan,United States,hostile
2089290932755570709,Turkiye,United States,hostile
2089285218872250796,Saudi Arabia,Turkiye,neutral-reporting
2089277522848686526,Pakistan,Saudi Arabia,neutral-reporting
2089277522848686526,Pakistan,Turkiye,neutral-reporting
2089277522848686526,Saudi Arabia,Turkiye,neutral-reporting
2089276059875267036,Iran,Saudi Arabia,hostile
2089272804713603390,Pakistan,Saudi Arabia,supportive
2089272804713603390,Pakistan,Turkiye,supportive
2089272804713603390,Saudi Arabia,Turkiye,supportive
2089272044907045019,Pakistan,Saudi Arabia,supportive
2089272044907045019,Pakistan,Turkiye,supportive
2089272044907045019,Saudi Arabia,Turkiye,supportive
2089268891499536420,Pakistan,Saudi Arabia,neutral-reporting
2089268891499536420,Pakistan,Turkiye,neutral-reporting
2089268891499536420,Saudi Arabia,Turkiye,neutral-reporting
2089268549386924389,Pakistan,Saudi Arabia,neutral-reporting
2089268549386924389,Pakistan,Turkiye,neutral-reporting
2089268549386924389,Saudi Arabia,Turkiye,neutral-reporting
2089265963346637299,Pakistan,Saudi Arabia,neutral-reporting
2089265963346637299,Pakistan,Turkiye,neutral-reporting
2089265963346637299,Saudi Arabia,Turkiye,neutral-reporting
2089265963346637299,Pakistan,United States,hostile
2089265963346637299,Saudi Arabia,United States,hostile
2089265963346637299,Turkiye,United States,hostile
2089264730343170142,Pakistan,Saudi Arabia,neutral-reporting
2089264730343170142,Pakistan,Turkiye,neutral-reporting
2089264730343170142,Saudi Arabia,Turkiye,neutral-reporting
2089264615712805101,Pakistan,Saudi Arabia,neutral-reporting
2089264615712805101,Pakistan,Turkiye,neutral-reporting
2089264615712805101,Saudi Arabia,Turkiye,neutral-reporting
2089263268502073644,Iran,Pakistan,neutral-reporting
2089263268502073644,Iran,Saudi Arabia,neutral-reporting
2089263268502073644,Iran,Turkiye,neutral-reporting
2089263268502073644,Iran,United States,hostile
2089263268502073644,Pakistan,Saudi Arabia,neutral-reporting
2089263268502073644,Pakistan,Turkiye,neutral-reporting
2089263268502073644,Pakistan,United States,neutral-reporting
2089263268502073644,Saudi Arabia,Turkiye,neutral-reporting
2089263268502073644,Saudi Arabia,United States,neutral-reporting
2089263268502073644,Turkiye,United States,neutral-reporting
2089262750237163706,Pakistan,Saudi Arabia,neutral-reporting
2089262750237163706,Pakistan,Turkiye,neutral-reporting
2089262750237163706,Pakistan,United States,neutral-reporting
2089262750237163706,Saudi Arabia,Turkiye,neutral-reporting
2089262750237163706,Saudi Arabia,United States,neutral-reporting
2089262750237163706,Turkiye,United States,neutral-reporting
2089262716485607490,Iran,Pakistan,neutral-reporting
2089262716485607490,Iran,Saudi Arabia,hostile
2089262716485607490,Iran,Turkiye,neutral-reporting
2089262716485607490,Pakistan,Saudi Arabia,skeptical
2089262716485607490,Pakistan,Turkiye,skeptical
2089262716485607490,Saudi Arabia,Turkiye,skeptical
2089262379288916418,United States,Pakistan,neutral-reporting
2089262379288916418,United States,Turkiye,neutral-reporting
2089262379288916418,Pakistan,Turkiye,neutral-reporting
2089261934906597636,Saudi Arabia,Turkiye,neutral-reporting
2089261934906597636,Saudi Arabia,Pakistan,neutral-reporting
2089261934906597636,Turkiye,Pakistan,neutral-reporting
2089260686845055446,Saudi Arabia,Turkiye,neutral-reporting
2089260686845055446,Saudi Arabia,Pakistan,neutral-reporting
2089260686845055446,Turkiye,Pakistan,neutral-reporting
2089260356615184860,Saudi Arabia,Turkiye,neutral-reporting
2089260356615184860,Saudi Arabia,Pakistan,neutral-reporting
2089260356615184860,Turkiye,Pakistan,neutral-reporting
2089258630000398819,Iran,Pakistan,neutral-reporting
2089258630000398819,Iran,Saudi Arabia,neutral-reporting
2089258630000398819,Iran,Turkiye,neutral-reporting
2089258630000398819,Iran,United States,neutral-reporting
2089258630000398819,Pakistan,Saudi Arabia,supportive
2089258630000398819,Pakistan,Turkiye,supportive
2089258630000398819,Pakistan,United States,neutral-reporting
2089258630000398819,Saudi Arabia,Turkiye,supportive
2089258630000398819,Saudi Arabia,United States,neutral-reporting
2089258630000398819,Turkiye,United States,neutral-reporting
2089257976091852908,Saudi Arabia,Turkiye,supportive
2089255793858351312,Pakistan,Saudi Arabia,hostile
2089255793858351312,Pakistan,Turkiye,hostile
2089253571040809237,Iran,Pakistan,neutral-reporting
2089251875501564195,Pakistan,Saudi Arabia,neutral-reporting
2089251875501564195,Pakistan,Turkiye,neutral-reporting
2089251875501564195,Saudi Arabia,Turkiye,neutral-reporting
2089248088892301562,Pakistan,Saudi Arabia,neutral-reporting
2089248088892301562,Pakistan,Turkiye,neutral-reporting
2089248088892301562,Saudi Arabia,Turkiye,neutral-reporting
2089247453023211833,Pakistan,Saudi Arabia,neutral-reporting
2089247453023211833,Pakistan,Turkiye,neutral-reporting
2089247453023211833,Saudi Arabia,Turkiye,neutral-reporting
2089242965797474476,Pakistan,Saudi Arabia,neutral-reporting
2089242965797474476,Pakistan,Turkiye,neutral-reporting
2089242965797474476,Saudi Arabia,Turkiye,neutral-reporting
2089241253175013554,Pakistan,Saudi Arabia,supportive
2089241253175013554,Pakistan,Turkiye,supportive
2089241253175013554,Saudi Arabia,Turkiye,supportive
2089241016410718648,Pakistan,Turkiye,supportive
2089239562862129174,Pakistan,Saudi Arabia,neutral-reporting
2089239562862129174,Pakistan,Turkiye,neutral-reporting
2089239562862129174,Saudi Arabia,Turkiye,neutral-reporting
2089238531516305634,Pakistan,Saudi Arabia,neutral-reporting
2089238531516305634,Pakistan,Turkiye,neutral-reporting
2089238531516305634,Saudi Arabia,Turkiye,neutral-reporting
2089237741456556279,Pakistan,Saudi Arabia,neutral-reporting
2089237741456556279,Pakistan,Turkiye,neutral-reporting
2089237741456556279,Saudi Arabia,Turkiye,neutral-reporting
2089237314795172042,Pakistan,Saudi Arabia,neutral-reporting
2089237314795172042,Pakistan,Turkiye,neutral-reporting
2089237314795172042,Saudi Arabia,Turkiye,neutral-reporting
2089235610703679502,Pakistan,Saudi Arabia,neutral-reporting
2089235610703679502,Pakistan,Turkiye,neutral-reporting
2089235610703679502,Saudi Arabia,Turkiye,neutral-reporting
2089235446098432337,Pakistan,Saudi Arabia,neutral-reporting
2089235446098432337,Pakistan,Turkiye,neutral-reporting
2089235446098432337,Saudi Arabia,Turkiye,neutral-reporting
2089234543404270056,Pakistan,Saudi Arabia,neutral-reporting
2089234543404270056,Pakistan,Turkiye,neutral-reporting
2089234543404270056,Saudi Arabia,Turkiye,neutral-reporting
2089234174259671440,Pakistan,Saudi Arabia,neutral-reporting
2089234174259671440,Pakistan,Turkiye,neutral-reporting
2089234174259671440,Saudi Arabia,Turkiye,neutral-reporting
2089233864447377764,Pakistan,Saudi Arabia,neutral-reporting
2089233864447377764,Pakistan,Turkiye,neutral-reporting
2089233864447377764,Saudi Arabia,Turkiye,neutral-reporting
2089233864447377764,Pakistan,United States,neutral-reporting
2089233864447377764,Saudi Arabia,United States,neutral-reporting
2089233864447377764,Turkiye,United States,neutral-reporting
2089230751581585732,Pakistan,Saudi Arabia,supportive
2089230751581585732,Pakistan,Turkiye,supportive
2089230751581585732,Saudi Arabia,Turkiye,supportive
2089229019774587164,Pakistan,Saudi Arabia,neutral-reporting
2089229019774587164,Pakistan,Turkiye,neutral-reporting
2089229019774587164,Saudi Arabia,Turkiye,neutral-reporting
2089226680925929498,Saudi Arabia,Turkiye,neutral-reporting
2089224279141617838,Pakistan,Saudi Arabia,neutral-reporting
2089224279141617838,Pakistan,Turkiye,neutral-reporting
2089224279141617838,Saudi Arabia,Turkiye,neutral-reporting
2089223984890175709,Pakistan,Saudi Arabia,supportive
2089223984890175709,Pakistan,Turkiye,supportive
2089223984890175709,Saudi Arabia,Turkiye,supportive
2089222467802075477,Pakistan,Saudi Arabia,neutral-reporting
2089222467802075477,Pakistan,Turkiye,neutral-reporting
2089222467802075477,Saudi Arabia,Turkiye,neutral-reporting
2089222207717458128,Pakistan,Saudi Arabia,neutral-reporting
2089222207717458128,Pakistan,Turkiye,neutral-reporting
2089222207717458128,Saudi Arabia,Turkiye,neutral-reporting
2089221392902533502,Pakistan,Saudi Arabia,neutral-reporting
2089221392902533502,Pakistan,Turkiye,neutral-reporting
2089221392902533502,Saudi Arabia,Turkiye,neutral-reporting
2089220612774617402,Iran,Saudi Arabia,hostile
2089220612774617402,Iran,Pakistan,hostile
2089220612774617402,Iran,Turkiye,hostile
2089220612774617402,Saudi Arabia,Pakistan,neutral-reporting
2089220612774617402,Saudi Arabia,Turkiye,neutral-reporting
2089220612774617402,Pakistan,Turkiye,neutral-reporting
2089220438220255507,Pakistan,Saudi Arabia,neutral-reporting
2089220438220255507,Pakistan,Turkiye,neutral-reporting
2089220438220255507,Saudi Arabia,Turkiye,neutral-reporting
2089216375697101162,Pakistan,Saudi Arabia,neutral-reporting
2089216375697101162,Pakistan,Turkiye,neutral-reporting
2089216375697101162,Saudi Arabia,Turkiye,neutral-reporting
2089215969616896485,Saudi Arabia,Turkiye,neutral-reporting
2089215189086535803,Iran,Saudi Arabia,neutral-reporting
2089214710625272244,Pakistan,Saudi Arabia,neutral-reporting
2089214710625272244,Pakistan,Turkiye,neutral-reporting
2089214710625272244,Saudi Arabia,Turkiye,neutral-reporting
2089211714269225210,Pakistan,Saudi Arabia,neutral-reporting
2089211714269225210,Pakistan,Turkiye,neutral-reporting
2089211714269225210,Saudi Arabia,Turkiye,neutral-reporting
2089210074887557571,Pakistan,Saudi Arabia,neutral-reporting
2089210074887557571,Pakistan,Turkiye,neutral-reporting
2089210074887557571,Saudi Arabia,Turkiye,neutral-reporting
2089210058362233149,Pakistan,Saudi Arabia,neutral-reporting
2089210058362233149,Pakistan,Turkiye,neutral-reporting
2089210058362233149,Saudi Arabia,Turkiye,neutral-reporting
2089209476825915561,Pakistan,Saudi Arabia,neutral-reporting
2089209476825915561,Pakistan,Turkiye,neutral-reporting
2089209476825915561,Saudi Arabia,Turkiye,neutral-reporting
2089209476825915561,Pakistan,United States,supportive
2089209476825915561,Saudi Arabia,United States,supportive
2089209476825915561,Turkiye,United States,supportive
2089208142467084532,Pakistan,Saudi Arabia,neutral-reporting
2089208142467084532,Pakistan,Turkiye,neutral-reporting
2089208142467084532,Saudi Arabia,Turkiye,neutral-reporting
2089208142467084532,Pakistan,United States,supportive
2089208142467084532,Saudi Arabia,United States,supportive
2089208142467084532,Turkiye,United States,supportive
2089205553100902912,Pakistan,Saudi Arabia,neutral-reporting
2089205553100902912,Pakistan,Turkiye,neutral-reporting
2089205553100902912,Saudi Arabia,Turkiye,neutral-reporting
2089204811602481362,Pakistan,United States,skeptical
2089204324505186408,Pakistan,Saudi Arabia,neutral-reporting
2089204324505186408,Pakistan,Turkiye,neutral-reporting
2089204324505186408,Saudi Arabia,Turkiye,neutral-reporting
2089203636354285824,Pakistan,Saudi Arabia,neutral-reporting
2089203636354285824,Pakistan,Turkiye,neutral-reporting
2089203636354285824,Saudi Arabia,Turkiye,neutral-reporting
2089202125775786219,Pakistan,Saudi Arabia,neutral-reporting
2089202125775786219,Pakistan,Turkiye,neutral-reporting
2089202125775786219,Saudi Arabia,Turkiye,neutral-reporting
2089200600693219546,Pakistan,Saudi Arabia,neutral-reporting
2089200600693219546,Pakistan,Turkiye,neutral-reporting
2089200600693219546,Saudi Arabia,Turkiye,neutral-reporting
2089195575417979265,Pakistan,Saudi Arabia,neutral-reporting
2089195575417979265,Pakistan,Turkiye,neutral-reporting
2089195575417979265,Saudi Arabia,Turkiye,neutral-reporting
2089188316470223197,Pakistan,Saudi Arabia,neutral-reporting
2089188316470223197,Pakistan,Turkiye,neutral-reporting
2089188316470223197,Saudi Arabia,Turkiye,neutral-reporting
2089185904191738149,Pakistan,Saudi Arabia,neutral-reporting
2089185904191738149,Pakistan,Turkiye,neutral-reporting
2089185904191738149,Saudi Arabia,Turkiye,neutral-reporting
2089184454325510331,Pakistan,Saudi Arabia,neutral-reporting
2089184454325510331,Pakistan,Turkiye,neutral-reporting
2089184454325510331,Saudi Arabia,Turkiye,neutral-reporting
2089184439498625155,Pakistan,Turkiye,supportive
2089184025885974750,Iran,Turkiye,hostile
2089183383108878387,Pakistan,Saudi Arabia,neutral-reporting
2089183383108878387,Pakistan,Turkiye,neutral-reporting
2089183383108878387,Saudi Arabia,Turkiye,neutral-reporting
2089182778093113411,Saudi Arabia,Turkiye,neutral-reporting
2089182630889881700,Pakistan,Saudi Arabia,neutral-reporting
2089182630889881700,Pakistan,Turkiye,neutral-reporting
2089182630889881700,Saudi Arabia,Turkiye,neutral-reporting
2089182417529840083,Pakistan,Saudi Arabia,neutral-reporting
2089182417529840083,Pakistan,Turkiye,neutral-reporting
2089182417529840083,Saudi Arabia,Turkiye,neutral-reporting
2089177180786036960,Iran,United States,hostile
2089176446724141405,Pakistan,Turkiye,neutral-reporting
2089170882367222211,Pakistan,Saudi Arabia,neutral-reporting
2089170882367222211,Pakistan,Turkiye,neutral-reporting
2089170882367222211,Saudi Arabia,Turkiye,neutral-reporting
2089169507181023313,Pakistan,Saudi Arabia,neutral-reporting
2089169507181023313,Pakistan,Turkiye,neutral-reporting
2089169507181023313,Pakistan,United States,skeptical
2089169507181023313,Saudi Arabia,Turkiye,neutral-reporting
2089169507181023313,Saudi Arabia,United States,skeptical
2089169507181023313,Turkiye,United States,skeptical
2089154536766406761,Iran,Pakistan,hostile
2089154536766406761,Iran,Saudi Arabia,hostile
2089154536766406761,Pakistan,Saudi Arabia,neutral-reporting
2089144135856923089,Pakistan,Saudi Arabia,neutral-reporting
2089144135856923089,Pakistan,Turkiye,neutral-reporting
2089144135856923089,Saudi Arabia,Turkiye,neutral-reporting
2089143855664730483,Iran,Pakistan,hostile
2089143855664730483,Iran,Saudi Arabia,hostile
2089143855664730483,Iran,Turkiye,hostile
2089143855664730483,Pakistan,Saudi Arabia,neutral-reporting
2089143855664730483,Pakistan,Turkiye,neutral-reporting
2089143855664730483,Saudi Arabia,Turkiye,neutral-reporting
2089143670289428698,Pakistan,Saudi Arabia,supportive
2089143670289428698,Pakistan,Turkiye,supportive
2089143670289428698,Saudi Arabia,Turkiye,supportive
2089133595256586279,Iran,Pakistan,hostile
2089132704965243306,Saudi Arabia,Turkiye,neutral-reporting
2089132704965243306,Saudi Arabia,United States,neutral-reporting
2089132704965243306,Turkiye,United States,neutral-reporting
2089132406876131441,Pakistan,Saudi Arabia,supportive
2089132406876131441,Pakistan,Turkiye,supportive
2089132406876131441,Saudi Arabia,Turkiye,supportive
2089132370431783386,Pakistan,Saudi Arabia,neutral-reporting
2089132370431783386,Pakistan,Turkiye,neutral-reporting
2089132370431783386,Saudi Arabia,Turkiye,neutral-reporting
2089131188606877832,Pakistan,Saudi Arabia,neutral-reporting
2089131188606877832,Pakistan,Turkiye,neutral-reporting
2089131188606877832,Saudi Arabia,Turkiye,neutral-reporting
2089130675370700856,Pakistan,Saudi Arabia,neutral-reporting
2089130675370700856,Pakistan,Turkiye,neutral-reporting
2089130675370700856,Saudi Arabia,Turkiye,neutral-reporting
2089128589056979436,Pakistan,Saudi Arabia,neutral-reporting
2089128589056979436,Pakistan,Turkiye,neutral-reporting
2089128589056979436,Saudi Arabia,Turkiye,neutral-reporting
2089127538354262371,Pakistan,Saudi Arabia,neutral-reporting
2089127538354262371,Pakistan,Turkiye,neutral-reporting
2089127538354262371,Saudi Arabia,Turkiye,neutral-reporting
2089125322210111841,Pakistan,Saudi Arabia,neutral-reporting
2089125322210111841,Pakistan,Turkiye,neutral-reporting
2089125322210111841,Saudi Arabia,Turkiye,neutral-reporting
2089124319750471915,Pakistan,Saudi Arabia,neutral-reporting
2089124319750471915,Pakistan,Turkiye,neutral-reporting
2089124319750471915,Saudi Arabia,Turkiye,neutral-reporting
2089123895563722826,Pakistan,Saudi Arabia,neutral-reporting
2089123895563722826,Pakistan,Turkiye,neutral-reporting
2089123895563722826,Saudi Arabia,Turkiye,neutral-reporting
2089122783561404615,Pakistan,Saudi Arabia,supportive
2089122783561404615,Pakistan,Turkiye,supportive
2089122783561404615,Saudi Arabia,Turkiye,supportive
2089118816706101674,Pakistan,Saudi Arabia,neutral-reporting
2089118816706101674,Pakistan,Turkiye,neutral-reporting
2089118816706101674,Saudi Arabia,Turkiye,neutral-reporting
2089118241671004221,Pakistan,Saudi Arabia,supportive
2089118241671004221,Pakistan,Turkiye,supportive
2089118241671004221,Saudi Arabia,Turkiye,supportive
2089116990401097973,Iran,Saudi Arabia,neutral-reporting
2089116988811702467,Pakistan,Saudi Arabia,neutral-reporting
2089116988811702467,Pakistan,Turkiye,neutral-reporting
2089116988811702467,Saudi Arabia,Turkiye,neutral-reporting
2089116588133720443,Iran,Saudi Arabia,neutral-reporting
2089115486651036097,Pakistan,Saudi Arabia,neutral-reporting
2089115486651036097,Pakistan,United States,neutral-reporting
2089115486651036097,Saudi Arabia,United States,neutral-reporting
2089112291035725829,Pakistan,Saudi Arabia,supportive
2089112291035725829,Pakistan,Turkiye,supportive
2089112291035725829,Saudi Arabia,Turkiye,supportive
2089111647428243567,Pakistan,Saudi Arabia,supportive
2089111647428243567,Pakistan,Turkiye,supportive
2089111647428243567,Saudi Arabia,Turkiye,supportive
2089111599193960696,Pakistan,Saudi Arabia,supportive
2089111599193960696,Pakistan,Turkiye,supportive
2089111599193960696,Saudi Arabia,Turkiye,supportive
2089109931106476348,Pakistan,Saudi Arabia,supportive
2089109931106476348,Pakistan,Turkiye,supportive
2089109931106476348,Saudi Arabia,Turkiye,supportive
2089109102412636389,Pakistan,Saudi Arabia,neutral-reporting
2089109102412636389,Pakistan,Turkiye,neutral-reporting
2089109102412636389,Saudi Arabia,Turkiye,neutral-reporting
2089104876240248896,Pakistan,Saudi Arabia,skeptical
2089104876240248896,Pakistan,Turkiye,skeptical
2089104876240248896,Saudi Arabia,Turkiye,skeptical
2089104747684880884,Pakistan,Saudi Arabia,skeptical
2089104747684880884,Pakistan,Turkiye,skeptical
2089104747684880884,Saudi Arabia,Turkiye,skeptical
2089101985127834098,Iran,Saudi Arabia,neutral-reporting
2089101985127834098,Iran,United States,hostile
2089101985127834098,Saudi Arabia,United States,skeptical
2089101175589106064,Pakistan,Saudi Arabia,neutral-reporting
2089101175589106064,Pakistan,Turkiye,neutral-reporting
2089101175589106064,Saudi Arabia,Turkiye,neutral-reporting
2089100945200488622,Pakistan,Saudi Arabia,neutral-reporting
2089100945200488622,Pakistan,Turkiye,neutral-reporting
2089100945200488622,Saudi Arabia,Turkiye,neutral-reporting
2089099934737813636,Pakistan,Saudi Arabia,neutral-reporting
2089099934737813636,Pakistan,Turkiye,neutral-reporting
2089099934737813636,Saudi Arabia,Turkiye,neutral-reporting
2089099934737813636,Pakistan,United States,neutral-reporting
2089099934737813636,Saudi Arabia,United States,neutral-reporting
2089099934737813636,Turkiye,United States,neutral-reporting
2089098846341369879,Pakistan,Saudi Arabia,neutral-reporting
2089098846341369879,Pakistan,Turkiye,neutral-reporting
2089098846341369879,Saudi Arabia,Turkiye,neutral-reporting
2089096263279226992,Pakistan,Saudi Arabia,supportive
2089096263279226992,Pakistan,Turkiye,supportive
2089096263279226992,Saudi Arabia,Turkiye,supportive
2089096129229082791,Pakistan,Saudi Arabia,neutral-reporting
2089096129229082791,Pakistan,Turkiye,neutral-reporting
2089096129229082791,Saudi Arabia,Turkiye,neutral-reporting
2089089460667306279,Pakistan,Saudi Arabia,neutral-reporting
2089089460667306279,Pakistan,Turkiye,neutral-reporting
2089089460667306279,Saudi Arabia,Turkiye,neutral-reporting
2089088369083261088,Pakistan,Saudi Arabia,skeptical
2089088369083261088,Pakistan,Turkiye,skeptical
2089088369083261088,Saudi Arabia,Turkiye,skeptical
2089084458058019025,Pakistan,Saudi Arabia,supportive
2089084458058019025,Pakistan,Turkiye,supportive
2089084458058019025,Saudi Arabia,Turkiye,supportive
2089066265163845989,Pakistan,Saudi Arabia,hostile
2089066265163845989,Pakistan,Turkiye,hostile
2089066265163845989,Saudi Arabia,Turkiye,hostile
2089063238793130077,Iran,Turkiye,hostile
2089063238793130077,Iran,United States,hostile
2089063238793130077,Turkiye,United States,hostile
2089052130392916284,Pakistan,Saudi Arabia,neutral-reporting
2089052130392916284,Pakistan,Turkiye,neutral-reporting
2089052130392916284,Saudi Arabia,Turkiye,neutral-reporting
2089046878776143879,Pakistan,Saudi Arabia,neutral-reporting
2089046878776143879,Pakistan,Turkiye,neutral-reporting
2089046878776143879,Saudi Arabia,Turkiye,neutral-reporting
2089034544682865150,Pakistan,Saudi Arabia,neutral-reporting
2089034544682865150,Pakistan,Turkiye,neutral-reporting
2089034544682865150,Saudi Arabia,Turkiye,neutral-reporting
2089030283362504880,Pakistan,Saudi Arabia,neutral-reporting
2089030283362504880,Pakistan,Turkiye,neutral-reporting
2089030283362504880,Saudi Arabia,Turkiye,neutral-reporting
2089030283362504880,Iran,Saudi Arabia,skeptical
2089030283362504880,Iran,Turkiye,skeptical
2089030283362504880,Iran,Pakistan,skeptical
2089030283362504880,Saudi Arabia,United States,skeptical
2089030283362504880,Turkiye,United States,skeptical
2089030283362504880,Pakistan,United States,skeptical
2089023931646914945,Iran,Pakistan,hostile
2089021033520984276,Pakistan,Saudi Arabia,skeptical
2089007210311393294,Pakistan,Saudi Arabia,neutral-reporting
2089007210311393294,Pakistan,Turkiye,neutral-reporting
2089007210311393294,Saudi Arabia,Turkiye,neutral-reporting
2089006822707405297,Pakistan,Saudi Arabia,neutral-reporting
2089006822707405297,Pakistan,Turkiye,neutral-reporting
2089006822707405297,Saudi Arabia,Turkiye,neutral-reporting
2089006112196505744,Pakistan,Saudi Arabia,supportive
2089006112196505744,Pakistan,Turkiye,supportive
2089006112196505744,Saudi Arabia,Turkiye,supportive
2089005278867968319,Pakistan,Turkiye,unclear
2089005278867968319,Saudi Arabia,Turkiye,unclear
2089005278867968319,Saudi Arabia,Pakistan,unclear
2088994250440462782,Pakistan,Saudi Arabia,neutral-reporting
2088994250440462782,Pakistan,Turkiye,neutral-reporting
2088994250440462782,Saudi Arabia,Turkiye,neutral-reporting
2088991160870019474,Pakistan,Saudi Arabia,neutral-reporting
2088991160870019474,Pakistan,Turkiye,neutral-reporting
2088991160870019474,Saudi Arabia,Turkiye,neutral-reporting
2088982359710278000,Pakistan,Saudi Arabia,neutral-reporting
2088982359710278000,Pakistan,Turkiye,neutral-reporting
2088982359710278000,Pakistan,United States,neutral-reporting
2088982359710278000,Saudi Arabia,Turkiye,neutral-reporting
2088982359710278000,Saudi Arabia,United States,neutral-reporting
2088982359710278000,Turkiye,United States,neutral-reporting
2088977738870763929,Iran,Pakistan,skeptical
2088977738870763929,Iran,Turkiye,skeptical
2088977738870763929,Pakistan,Turkiye,neutral-reporting
2088977261987029270,Pakistan,Saudi Arabia,neutral-reporting
2088977261987029270,Pakistan,Turkiye,neutral-reporting
2088977261987029270,Saudi Arabia,Turkiye,neutral-reporting
2088973388169781512,Pakistan,Saudi Arabia,neutral-reporting
2088973388169781512,Pakistan,Turkiye,neutral-reporting
2088973388169781512,Saudi Arabia,Turkiye,neutral-reporting
2088960021954539868,Pakistan,Saudi Arabia,neutral-reporting
2088957696297078848,Pakistan,Saudi Arabia,neutral-reporting
2088957696297078848,Pakistan,Turkiye,neutral-reporting
2088957696297078848,Saudi Arabia,Turkiye,neutral-reporting
2088955249990172943,Pakistan,Saudi Arabia,neutral-reporting
2088955249990172943,Pakistan,Turkiye,neutral-reporting
2088955249990172943,Saudi Arabia,Turkiye,neutral-reporting
2088942836494565607,Saudi Arabia,Turkiye,neutral-reporting
2088939247197659634,Saudi Arabia,United States,neutral-reporting
2088939247197659634,Pakistan,United States,neutral-reporting
2088939247197659634,Turkiye,United States,neutral-reporting
2088939247197659634,Saudi Arabia,Pakistan,neutral-reporting
2088939247197659634,Saudi Arabia,Turkiye,neutral-reporting
2088939247197659634,Pakistan,Turkiye,neutral-reporting
2088939247197659634,Iran,United States,neutral-reporting
2088935419861967191,Pakistan,Saudi Arabia,neutral-reporting
2088935419861967191,Pakistan,Turkiye,neutral-reporting
2088935419861967191,Saudi Arabia,Turkiye,neutral-reporting
2088928629824582009,Iran,United States,neutral-reporting
2088922187251999159,Pakistan,Iran,mediating
2088914073069187432,Pakistan,Saudi Arabia,neutral-reporting
2088914073069187432,Pakistan,Turkiye,neutral-reporting
2088914073069187432,Saudi Arabia,Turkiye,neutral-reporting
2088913633879392706,Pakistan,Saudi Arabia,neutral-reporting
2088913633879392706,Pakistan,Turkiye,neutral-reporting
2088913633879392706,Saudi Arabia,Turkiye,neutral-reporting
2088912252145676616,Pakistan,Saudi Arabia,neutral-reporting
2088912252145676616,Pakistan,Turkiye,neutral-reporting
2088912252145676616,Saudi Arabia,Turkiye,neutral-reporting
2088898701175767075,Pakistan,Saudi Arabia,supportive
2088898701175767075,Pakistan,Turkiye,supportive
2088898701175767075,Saudi Arabia,Turkiye,supportive
2088888289960820940,Pakistan,Turkiye,neutral-reporting
2088888289960820940,Turkiye,United States,skeptical
2088885421061423505,Iran,Pakistan,hostile
2088880444540440777,Pakistan,Saudi Arabia,neutral-reporting
2088880444540440777,Pakistan,Turkiye,neutral-reporting
2088880444540440777,Saudi Arabia,Turkiye,neutral-reporting
2088880225405084108,Pakistan,Saudi Arabia,neutral-reporting
2088880225405084108,Pakistan,Turkiye,neutral-reporting
2088880225405084108,Saudi Arabia,Turkiye,neutral-reporting
2088879659291459887,Pakistan,Saudi Arabia,neutral-reporting
2088879659291459887,Pakistan,Turkiye,neutral-reporting
2088879659291459887,Saudi Arabia,Turkiye,neutral-reporting
2088876772481773660,Pakistan,Saudi Arabia,neutral-reporting
2088876772481773660,Pakistan,Turkiye,neutral-reporting
2088876772481773660,Saudi Arabia,Turkiye,neutral-reporting
2088872994936389923,Pakistan,Saudi Arabia,neutral-reporting
2088872994936389923,Pakistan,Turkiye,neutral-reporting
2088872994936389923,Saudi Arabia,Turkiye,neutral-reporting
2088872709954449619,Pakistan,Saudi Arabia,neutral-reporting
2088872709954449619,Pakistan,Turkiye,neutral-reporting
2088872709954449619,Saudi Arabia,Turkiye,neutral-reporting
2088872635065393350,Pakistan,Saudi Arabia,neutral-reporting
2088872635065393350,Pakistan,Turkiye,neutral-reporting
2088872635065393350,Saudi Arabia,Turkiye,neutral-reporting
2088870747217317945,Turkiye,United States,hostile
2088837815500935252,Pakistan,Saudi Arabia,skeptical
2088837815500935252,Pakistan,Turkiye,skeptical
2088837815500935252,Saudi Arabia,Turkiye,skeptical
2088826442876613065,Iran,Pakistan,neutral-reporting
2088826442876613065,Iran,Saudi Arabia,neutral-reporting
2088826442876613065,Iran,Turkiye,neutral-reporting
2088826442876613065,Pakistan,Saudi Arabia,neutral-reporting
2088826442876613065,Pakistan,Turkiye,neutral-reporting
2088826442876613065,Saudi Arabia,Turkiye,neutral-reporting
2088825851551117782,Saudi Arabia,Turkiye,unclear
2088806230785773688,Pakistan,Saudi Arabia,supportive
2088806230785773688,Pakistan,Turkiye,supportive
2088806230785773688,Saudi Arabia,Turkiye,supportive
2088806230785773688,Saudi Arabia,United States,hostile
2088806230785773688,Pakistan,United States,hostile
2088806230785773688,Iran,United States,hostile
2088777829278203990,Pakistan,Saudi Arabia,supportive
2088777829278203990,Pakistan,Turkiye,supportive
2088777829278203990,Saudi Arabia,Turkiye,supportive
2088777224665051412,Pakistan,Saudi Arabia,neutral-reporting
2088777224665051412,Pakistan,Turkiye,neutral-reporting
2088777224665051412,Saudi Arabia,Turkiye,neutral-reporting
2088759583145656417,Pakistan,Saudi Arabia,supportive
2088759583145656417,Pakistan,Turkiye,supportive
2088759583145656417,Saudi Arabia,Turkiye,supportive
2088759456784142553,Pakistan,Saudi Arabia,supportive
2088759456784142553,Pakistan,Turkiye,supportive
2088759456784142553,Saudi Arabia,Turkiye,supportive
2088752871156388305,Saudi Arabia,United States,hostile
2088752871156388305,Pakistan,Saudi Arabia,supportive
2088752871156388305,Turkiye,Saudi Arabia,supportive
2088752871156388305,Pakistan,Turkiye,supportive
2088752871156388305,Iran,United States,hostile
2088744927739937218,Pakistan,Saudi Arabia,supportive
2088744927739937218,Pakistan,Turkiye,supportive
2088744927739937218,Saudi Arabia,Turkiye,supportive
2088744642992893967,Pakistan,Saudi Arabia,supportive
2088744642992893967,Pakistan,Turkiye,supportive
2088744642992893967,Saudi Arabia,Turkiye,supportive
2088736593674977709,Iran,Turkiye,hostile
2088716254441771422,Pakistan,Saudi Arabia,supportive
2088716254441771422,Pakistan,Turkiye,supportive
2088716254441771422,Saudi Arabia,Turkiye,supportive
2088716254441771422,Pakistan,United States,neutral-reporting
2088716254441771422,Saudi Arabia,United States,neutral-reporting
2088716254441771422,Turkiye,United States,neutral-reporting
2088694289228312607,Pakistan,Saudi Arabia,neutral-reporting
2088694289228312607,Pakistan,Turkiye,neutral-reporting
2088694289228312607,Saudi Arabia,Turkiye,neutral-reporting
2088690928915792223,Pakistan,Saudi Arabia,supportive
2088690928915792223,Pakistan,Turkiye,supportive
2088690928915792223,Saudi Arabia,Turkiye,neutral-reporting
2088686171127689444,Pakistan,Saudi Arabia,neutral-reporting
2088686171127689444,Pakistan,Turkiye,neutral-reporting
2088686171127689444,Saudi Arabia,Turkiye,neutral-reporting
2088686171127689444,Pakistan,United States,neutral-reporting
2088686171127689444,Saudi Arabia,United States,neutral-reporting
2088686171127689444,Turkiye,United States,neutral-reporting
2088672954225754210,Pakistan,Saudi Arabia,skeptical
2088672954225754210,Pakistan,Turkiye,skeptical
2088672954225754210,Saudi Arabia,Turkiye,skeptical
2088667665896186008,Pakistan,Saudi Arabia,neutral-reporting
2088667665896186008,Pakistan,Turkiye,neutral-reporting
2088667665896186008,Saudi Arabia,Turkiye,neutral-reporting
2088656972682031298,Pakistan,Saudi Arabia,neutral-reporting
2088656972682031298,Pakistan,Turkiye,neutral-reporting
2088656972682031298,Saudi Arabia,Turkiye,neutral-reporting
2088650636711641114,Pakistan,Saudi Arabia,neutral-reporting
2088650636711641114,Pakistan,Turkiye,neutral-reporting
2088650636711641114,Saudi Arabia,Turkiye,neutral-reporting
2088645196636447014,Pakistan,Saudi Arabia,supportive
2088645196636447014,Pakistan,Turkiye,supportive
2088645196636447014,Saudi Arabia,Turkiye,supportive
2088626680541929799,Pakistan,Saudi Arabia,supportive
2088626680541929799,Pakistan,Turkiye,supportive
2088626680541929799,Saudi Arabia,Turkiye,supportive
2088625764237209768,Pakistan,Saudi Arabia,neutral-reporting
2088625764237209768,Pakistan,Turkiye,neutral-reporting
2088625764237209768,Saudi Arabia,Turkiye,neutral-reporting
2088624435062591772,Pakistan,Saudi Arabia,neutral-reporting
2088624435062591772,Pakistan,Turkiye,neutral-reporting
2088624435062591772,Saudi Arabia,Turkiye,neutral-reporting
2088613563279757455,Pakistan,Saudi Arabia,neutral-reporting
2088613563279757455,Pakistan,Turkiye,neutral-reporting
2088613563279757455,Saudi Arabia,Turkiye,neutral-reporting
2088601095857955058,Saudi Arabia,Turkiye,supportive
2088598329340903786,Pakistan,Saudi Arabia,neutral-reporting
2088598329340903786,Pakistan,Turkiye,neutral-reporting
2088598329340903786,Saudi Arabia,Turkiye,neutral-reporting
2088592977392279973,Iran,Pakistan,hostile
2088592977392279973,Iran,Saudi Arabia,hostile
2088592977392279973,Iran,Turkiye,hostile
2088592977392279973,Iran,United States,hostile
2088592977392279973,Pakistan,Saudi Arabia,supportive
2088592977392279973,Pakistan,Turkiye,supportive
2088592977392279973,Pakistan,United States,hostile
2088592977392279973,Saudi Arabia,Turkiye,supportive
2088592977392279973,Saudi Arabia,United States,hostile
2088592977392279973,Turkiye,United States,hostile
2088575217165636086,Iran,Turkiye,neutral-reporting
2088573434800591107,Iran,Turkiye,hostile
2088566028720632008,Turkiye,United States,hostile
2088564942559662122,Saudi Arabia,Turkiye,neutral-reporting
2088559163710353738,United States,Iran,hostile
2088559163710353738,Saudi Arabia,Turkiye,neutral-reporting
2088559163710353738,Saudi Arabia,Pakistan,neutral-reporting
2088559163710353738,Turkiye,Pakistan,neutral-reporting
2088558818707886460,Saudi Arabia,Turkiye,neutral-reporting
2088558818707886460,Saudi Arabia,Pakistan,neutral-reporting
2088558818707886460,Turkiye,Pakistan,neutral-reporting
2088554189458927978,Pakistan,Saudi Arabia,supportive
2088554189458927978,Pakistan,Turkiye,supportive
2088554189458927978,Saudi Arabia,Turkiye,supportive
2088554189458927978,Iran,Pakistan,supportive
2088554189458927978,Iran,Saudi Arabia,supportive
2088554189458927978,Iran,Turkiye,supportive
2088552609837719626,Pakistan,Saudi Arabia,supportive
2088552609837719626,Pakistan,Turkiye,supportive
2088552609837719626,Saudi Arabia,Turkiye,supportive
2088551493125193868,Iran,Saudi Arabia,neutral-reporting
2088550078755508319,Pakistan,Saudi Arabia,neutral-reporting
2088550078755508319,Pakistan,Turkiye,neutral-reporting
2088550078755508319,Saudi Arabia,Turkiye,neutral-reporting
2088546474191736891,Iran,Pakistan,supportive
2088546474191736891,Iran,Saudi Arabia,neutral-reporting
2088546474191736891,Iran,Turkiye,neutral-reporting
2088546474191736891,Iran,United States,unclear
2088546474191736891,Pakistan,Saudi Arabia,supportive
2088546474191736891,Pakistan,Turkiye,supportive
2088546474191736891,Pakistan,United States,hostile
2088546474191736891,Saudi Arabia,Turkiye,supportive
2088546474191736891,Saudi Arabia,United States,hostile
2088546474191736891,Turkiye,United States,hostile
2088542932014186950,Pakistan,Saudi Arabia,neutral-reporting
2088542932014186950,Pakistan,Turkiye,neutral-reporting
2088542932014186950,Saudi Arabia,Turkiye,neutral-reporting
2088527109283332117,Pakistan,Saudi Arabia,neutral-reporting
2088527109283332117,Pakistan,Turkiye,neutral-reporting
2088527109283332117,Saudi Arabia,Turkiye,neutral-reporting
2088525945183309980,Pakistan,Saudi Arabia,supportive
2088525945183309980,Pakistan,Turkiye,supportive
2088525945183309980,Saudi Arabia,Turkiye,supportive
2088517365709574218,Pakistan,Saudi Arabia,supportive
2088517365709574218,Pakistan,Turkiye,supportive
2088517365709574218,Saudi Arabia,Turkiye,supportive
2088511680560980198,Pakistan,Saudi Arabia,supportive
2088511680560980198,Pakistan,Turkiye,supportive
2088511680560980198,Saudi Arabia,Turkiye,supportive
2088502102981251136,Pakistan,Saudi Arabia,neutral-reporting
2088502102981251136,Pakistan,Turkiye,neutral-reporting
2088502102981251136,Saudi Arabia,Turkiye,neutral-reporting
2088499765747101926,Saudi Arabia,Turkiye,neutral-reporting
2088493970527789128,Pakistan,Saudi Arabia,neutral-reporting
2088493970527789128,Pakistan,Turkiye,neutral-reporting
2088493970527789128,Saudi Arabia,Turkiye,neutral-reporting
2088485350360432890,Pakistan,Saudi Arabia,neutral-reporting
2088485350360432890,Turkiye,Saudi Arabia,neutral-reporting
2088455612656980422,Pakistan,Saudi Arabia,neutral-reporting
2088455612656980422,Pakistan,Turkiye,neutral-reporting
2088455612656980422,Saudi Arabia,Turkiye,neutral-reporting
2088453223027765343,Pakistan,Saudi Arabia,neutral-reporting
2088453223027765343,Pakistan,Turkiye,neutral-reporting
2088453223027765343,Saudi Arabia,Turkiye,neutral-reporting
2088450657766260847,Pakistan,Saudi Arabia,neutral-reporting
2088450657766260847,Pakistan,Turkiye,neutral-reporting
2088450657766260847,Saudi Arabia,Turkiye,neutral-reporting
2088449381863432524,Pakistan,Turkiye,neutral-reporting
2088446685710356502,Pakistan,Saudi Arabia,neutral-reporting
2088446685710356502,Pakistan,Turkiye,neutral-reporting
2088446685710356502,Saudi Arabia,Turkiye,neutral-reporting
2088445629508776135,Pakistan,Saudi Arabia,neutral-reporting
2088445629508776135,Pakistan,Turkiye,neutral-reporting
2088445629508776135,Saudi Arabia,Turkiye,neutral-reporting
2088424354228973731,Pakistan,Saudi Arabia,neutral-reporting
2088424354228973731,Pakistan,Turkiye,neutral-reporting
2088424354228973731,Saudi Arabia,Turkiye,neutral-reporting
2088409772378775893,Saudi Arabia,Turkiye,neutral-reporting
2088405360499433864,Pakistan,Saudi Arabia,neutral-reporting
2088405360499433864,Pakistan,Turkiye,neutral-reporting
2088405360499433864,Saudi Arabia,Turkiye,neutral-reporting
2088383711850942752,Iran,Pakistan,skeptical
2088373189655322968,Iran,Turkiye,hostile
2088371413627597230,Pakistan,Saudi Arabia,neutral-reporting
2088371413627597230,Pakistan,Turkiye,neutral-reporting
2088371413627597230,Saudi Arabia,Turkiye,neutral-reporting
2088370106703192468,Pakistan,Saudi Arabia,supportive
2088370106703192468,Pakistan,Turkiye,supportive
2088370106703192468,Saudi Arabia,Turkiye,supportive
2088361901084262847,Pakistan,Saudi Arabia,skeptical
2088361901084262847,Pakistan,Turkiye,skeptical
2088361901084262847,Saudi Arabia,Turkiye,skeptical
2088361901084262847,Pakistan,United States,neutral-reporting
2088361901084262847,Saudi Arabia,United States,neutral-reporting
2088361901084262847,Turkiye,United States,hostile
2088360070941659410,Pakistan,Saudi Arabia,neutral-reporting
2088360070941659410,Pakistan,Turkiye,neutral-reporting
2088360070941659410,Saudi Arabia,Turkiye,neutral-reporting
2088354974237675756,Pakistan,Saudi Arabia,neutral-reporting
2088354974237675756,Pakistan,Turkiye,neutral-reporting
2088354974237675756,Saudi Arabia,Turkiye,neutral-reporting
2088354111477444700,Iran,Saudi Arabia,hostile
2088353951817052254,Pakistan,Turkiye,skeptical
2088347218033967229,Iran,Saudi Arabia,supportive
2088347218033967229,Iran,Pakistan,supportive
2088347218033967229,Iran,Turkiye,supportive
2088347218033967229,Saudi Arabia,Pakistan,neutral-reporting
2088347218033967229,Saudi Arabia,Turkiye,neutral-reporting
2088347218033967229,Pakistan,Turkiye,neutral-reporting
2088342820503368005,Saudi Arabia,Turkiye,neutral-reporting
2088342820503368005,Saudi Arabia,Pakistan,neutral-reporting
2088342820503368005,Turkiye,Pakistan,neutral-reporting
2088337561538503029,Pakistan,Saudi Arabia,skeptical
2088337561538503029,Pakistan,Turkiye,skeptical
2088337561538503029,Saudi Arabia,Turkiye,skeptical
2088337561538503029,Pakistan,United States,skeptical
2088337561538503029,Saudi Arabia,United States,skeptical
2088337561538503029,Turkiye,United States,skeptical
2088336760824877382,Pakistan,Saudi Arabia,supportive
2088336760824877382,Pakistan,Turkiye,supportive
2088336760824877382,Saudi Arabia,Turkiye,supportive
2088329816709669353,Pakistan,Saudi Arabia,neutral-reporting
2088329816709669353,Pakistan,Turkiye,neutral-reporting
2088329816709669353,Saudi Arabia,Turkiye,neutral-reporting
2088323265114632520,Pakistan,Saudi Arabia,supportive
2088323265114632520,Pakistan,Turkiye,supportive
2088323265114632520,Saudi Arabia,Turkiye,supportive
2088314760852885924,Pakistan,Saudi Arabia,neutral-reporting
2088314760852885924,Pakistan,Turkiye,neutral-reporting
2088314760852885924,Saudi Arabia,Turkiye,neutral-reporting
2088310776050098506,Pakistan,Saudi Arabia,neutral-reporting
2088310776050098506,Pakistan,Turkiye,neutral-reporting
2088310776050098506,Saudi Arabia,Turkiye,neutral-reporting
2088310483270938632,Turkiye,United States,hostile
2088309716355010605,Pakistan,Saudi Arabia,neutral-reporting
2088309716355010605,Pakistan,Turkiye,neutral-reporting
2088309716355010605,Saudi Arabia,Turkiye,neutral-reporting
2088309716355010605,Pakistan,United States,neutral-reporting
2088309716355010605,Saudi Arabia,United States,neutral-reporting
2088309716355010605,Turkiye,United States,neutral-reporting
2088308252488692054,Pakistan,Turkiye,neutral-reporting
2088308252488692054,Pakistan,Saudi Arabia,neutral-reporting
2088308252488692054,Turkiye,Saudi Arabia,neutral-reporting
2088307435941351574,Pakistan,Saudi Arabia,supportive
2088307435941351574,Pakistan,Turkiye,supportive
2088307435941351574,Saudi Arabia,Turkiye,supportive
2088305146677596604,Pakistan,Saudi Arabia,neutral-reporting
2088305146677596604,Pakistan,Turkiye,neutral-reporting
2088305146677596604,Saudi Arabia,Turkiye,neutral-reporting
2088305146677596604,Pakistan,United States,hostile
2088305146677596604,Saudi Arabia,United States,hostile
2088305146677596604,Turkiye,United States,hostile
2088302308329402643,Pakistan,Saudi Arabia,neutral-reporting
2088302308329402643,Pakistan,Turkiye,neutral-reporting
2088302308329402643,Saudi Arabia,Turkiye,neutral-reporting
2088297945879785688,Pakistan,Saudi Arabia,supportive
2088297945879785688,Pakistan,Turkiye,supportive
2088297945879785688,Saudi Arabia,Turkiye,supportive
2088295900951228522,Saudi Arabia,Turkiye,neutral-reporting
2088292637597974968,Pakistan,Saudi Arabia,neutral-reporting
2088292637597974968,Pakistan,Turkiye,neutral-reporting
2088292637597974968,Saudi Arabia,Turkiye,neutral-reporting
2088290146458210367,Saudi Arabia,United States,supportive
2088290146458210367,Saudi Arabia,Turkiye,neutral-reporting
2088290146458210367,Saudi Arabia,Pakistan,neutral-reporting
2088290146458210367,Turkiye,Pakistan,neutral-reporting
2088290146458210367,Iran,Saudi Arabia,hostile
2088290146458210367,Iran,United States,hostile
2088284007343554914,Saudi Arabia,Turkiye,neutral-reporting
2088284007343554914,Saudi Arabia,Pakistan,neutral-reporting
2088284007343554914,Turkiye,Pakistan,neutral-reporting
2088284007343554914,Saudi Arabia,Iran,neutral-reporting
2088283510708805639,Saudi Arabia,Turkiye,neutral-reporting
2088283510708805639,Turkiye,Iran,neutral-reporting
2088280485365731570,Pakistan,Saudi Arabia,neutral-reporting
2088279477377982805,Pakistan,Saudi Arabia,neutral-reporting
2088279477377982805,Pakistan,Turkiye,neutral-reporting
2088279477377982805,Saudi Arabia,Turkiye,neutral-reporting
2088272027559854326,Pakistan,Saudi Arabia,neutral-reporting
2088272027559854326,Pakistan,Turkiye,neutral-reporting
2088272027559854326,Saudi Arabia,Turkiye,neutral-reporting
2088271723342823444,Pakistan,Saudi Arabia,neutral-reporting
2088271723342823444,Pakistan,Turkiye,neutral-reporting
2088271723342823444,Saudi Arabia,Turkiye,neutral-reporting
2088269663860117706,Pakistan,Saudi Arabia,neutral-reporting
2088269663860117706,Pakistan,Turkiye,neutral-reporting
2088269663860117706,Saudi Arabia,Turkiye,neutral-reporting
2088252306319941758,Pakistan,Saudi Arabia,neutral-reporting
2088252306319941758,Pakistan,Turkiye,neutral-reporting
2088252306319941758,Saudi Arabia,Turkiye,neutral-reporting
2088248665106530396,Iran,Turkiye,hostile
2088248585162801193,Saudi Arabia,Turkiye,supportive
2088242406751633899,Pakistan,Saudi Arabia,neutral-reporting
2088242406751633899,Pakistan,Turkiye,neutral-reporting
2088242406751633899,Saudi Arabia,Turkiye,neutral-reporting
2088236665705767237,Iran,Saudi Arabia,skeptical
2088236665705767237,Iran,Turkiye,skeptical
2088236665705767237,Saudi Arabia,Turkiye,neutral-reporting
2088236629056205238,Pakistan,Saudi Arabia,neutral-reporting
2088236629056205238,Pakistan,Turkiye,neutral-reporting
2088236629056205238,Saudi Arabia,Turkiye,neutral-reporting
2088234393043427813,Iran,Turkiye,hostile
2088232303747026974,Saudi Arabia,Turkiye,neutral-reporting
2088232303747026974,Saudi Arabia,Pakistan,neutral-reporting
2088232303747026974,Turkiye,Pakistan,neutral-reporting
2088232303747026974,Saudi Arabia,Iran,hostile
2088225397859057880,Iran,Pakistan,hostile
2088225397859057880,Iran,Saudi Arabia,hostile
2088225397859057880,Iran,Turkiye,hostile
2088225397859057880,Pakistan,Saudi Arabia,neutral-reporting
2088225397859057880,Pakistan,Turkiye,neutral-reporting
2088225397859057880,Saudi Arabia,Turkiye,neutral-reporting
2088218930716274887,Pakistan,Saudi Arabia,neutral-reporting
2088218930716274887,Pakistan,Turkiye,neutral-reporting
2088218930716274887,Saudi Arabia,Turkiye,neutral-reporting
2088216064907694227,Iran,Pakistan,unclear
2088216064907694227,Iran,Saudi Arabia,unclear
2088216064907694227,Iran,Turkiye,unclear
2088216064907694227,Pakistan,Saudi Arabia,neutral-reporting
2088216064907694227,Pakistan,Turkiye,neutral-reporting
2088216064907694227,Saudi Arabia,Turkiye,neutral-reporting
2088206977189003611,Iran,Pakistan,neutral-reporting
2088190889982050798,Iran,Turkiye,hostile
2088185094661869936,Iran,Saudi Arabia,neutral-reporting
2088185094661869936,Iran,Turkiye,neutral-reporting
2088185094661869936,Iran,Pakistan,neutral-reporting
2088185094661869936,Saudi Arabia,Turkiye,neutral-reporting
2088185094661869936,Saudi Arabia,Pakistan,neutral-reporting
2088185094661869936,Turkiye,Pakistan,neutral-reporting
2088184892387459486,Iran,Turkiye,hostile
2088166535185547495,Iran,Pakistan,supportive
2088166535185547495,Iran,Saudi Arabia,supportive
2088166535185547495,Iran,Turkiye,supportive
2088166535185547495,Pakistan,Saudi Arabia,neutral-reporting
2088166535185547495,Pakistan,Turkiye,neutral-reporting
2088166535185547495,Saudi Arabia,Turkiye,neutral-reporting
2088163973644357975,Iran,Pakistan,hostile
2088162541591552319,Saudi Arabia,Pakistan,neutral-reporting
2088162541591552319,Saudi Arabia,Turkiye,neutral-reporting
2088162541591552319,Pakistan,Turkiye,neutral-reporting
2088155722416849233,Iran,Pakistan,hostile
2088155722416849233,Iran,Saudi Arabia,hostile
2088155722416849233,Iran,Turkiye,hostile
2088155722416849233,Pakistan,Saudi Arabia,hostile
2088155722416849233,Pakistan,Turkiye,hostile
2088155722416849233,Saudi Arabia,Turkiye,hostile
2088142216195715168,Iran,Pakistan,hostile
2088142216195715168,Pakistan,Turkiye,neutral-reporting
2088142216195715168,Iran,Turkiye,neutral-reporting
2088141622693552253,Saudi Arabia,Turkiye,supportive
2088141622693552253,Saudi Arabia,Iran,hostile
2088141622693552253,Turkiye,Iran,hostile
2088120074762912053,Pakistan,Saudi Arabia,supportive
2088120074762912053,Iran,Pakistan,neutral-reporting
2088120074762912053,Iran,Saudi Arabia,neutral-reporting
2088116402100326411,Pakistan,Saudi Arabia,supportive
2088116402100326411,Pakistan,Turkiye,supportive
2088116402100326411,Saudi Arabia,Turkiye,supportive
2088108610157248619,Iran,Saudi Arabia,hostile
2088093455419330786,Iran,Pakistan,supportive
2088093455419330786,Iran,Saudi Arabia,supportive
2088093455419330786,Iran,Turkiye,supportive
2088093455419330786,Pakistan,Saudi Arabia,supportive
2088093455419330786,Pakistan,Turkiye,supportive
2088093455419330786,Saudi Arabia,Turkiye,supportive
2088093177811177933,Pakistan,Iran,skeptical
2088093177811177933,Turkiye,Iran,skeptical
2088093177811177933,Pakistan,Turkiye,skeptical
2088092737195417867,Saudi Arabia,Turkiye,neutral-reporting
2088045481117028470,Saudi Arabia,Pakistan,neutral-reporting
2088045481117028470,Saudi Arabia,Turkiye,neutral-reporting
2088045481117028470,Pakistan,Turkiye,neutral-reporting
2088045481117028470,Saudi Arabia,United States,neutral-reporting
2088045481117028470,Pakistan,United States,neutral-reporting
2088045481117028470,Turkiye,United States,neutral-reporting
2088045481117028470,Saudi Arabia,Iran,neutral-reporting
2088045481117028470,Pakistan,Iran,neutral-reporting
2088045481117028470,Turkiye,Iran,neutral-reporting
2088045369603072197,Pakistan,Saudi Arabia,skeptical
2088045369603072197,Turkiye,Saudi Arabia,skeptical
2088045369603072197,Iran,Saudi Arabia,hostile
2088037290895696069,Pakistan,Saudi Arabia,supportive
2088037290895696069,Pakistan,Turkiye,supportive
2088037290895696069,Saudi Arabia,Turkiye,supportive
2088036649896726621,Pakistan,Saudi Arabia,neutral-reporting
2088036649896726621,Pakistan,Turkiye,neutral-reporting
2088036649896726621,Saudi Arabia,Turkiye,neutral-reporting
2088036649896726621,Pakistan,United States,hostile
2088036649896726621,Saudi Arabia,United States,hostile
2088036649896726621,Turkiye,United States,hostile
2088033599580750193,Pakistan,Saudi Arabia,supportive
2088033599580750193,Pakistan,Turkiye,supportive
2088033599580750193,Saudi Arabia,Turkiye,supportive
2088033599580750193,Pakistan,United States,neutral-reporting
2088033599580750193,Saudi Arabia,United States,neutral-reporting
2088033599580750193,Turkiye,United States,neutral-reporting
2088026240917582029,Pakistan,Saudi Arabia,neutral-reporting
2088026240917582029,Pakistan,Turkiye,neutral-reporting
2088026240917582029,Saudi Arabia,Turkiye,neutral-reporting
2088026240917582029,Pakistan,United States,neutral-reporting
2088026240917582029,Saudi Arabia,United States,neutral-reporting
2088026240917582029,Turkiye,United States,neutral-reporting
2087998587619967067,Iran,Pakistan,hostile
2087998587619967067,Iran,Saudi Arabia,hostile
2087998587619967067,Iran,Turkiye,hostile
2087998587619967067,Pakistan,Saudi Arabia,supportive
2087998587619967067,Pakistan,Turkiye,supportive
2087998587619967067,Saudi Arabia,Turkiye,supportive
2087991204894105741,Pakistan,United States,hostile
2087989686467756312,Saudi Arabia,Turkiye,supportive
2087989686467756312,Saudi Arabia,United States,hostile
2087989686467756312,Turkiye,United States,hostile
2087966212529537536,Iran,Pakistan,neutral-reporting
2087966212529537536,Iran,Saudi Arabia,hostile
2087966212529537536,Iran,Turkiye,neutral-reporting
2087966212529537536,Iran,United States,neutral-reporting
2087966212529537536,Pakistan,Saudi Arabia,supportive
2087966212529537536,Pakistan,Turkiye,supportive
2087952118045118543,Pakistan,Saudi Arabia,neutral-reporting
2087952118045118543,Iran,Saudi Arabia,neutral-reporting
2087952118045118543,Iran,Pakistan,neutral-reporting
2087950604799033681,Pakistan,Saudi Arabia,supportive
2087950604799033681,Pakistan,Turkiye,supportive
2087950604799033681,Saudi Arabia,Turkiye,neutral-reporting
2087939753446609346,Iran,Pakistan,hostile
2087939753446609346,Iran,Saudi Arabia,hostile
2087939753446609346,Iran,Turkiye,hostile
2087939753446609346,Pakistan,Saudi Arabia,supportive
2087939753446609346,Pakistan,Turkiye,supportive
2087939753446609346,Saudi Arabia,Turkiye,supportive
2087937322390044751,Iran,Pakistan,neutral-reporting
2087937322390044751,Iran,Saudi Arabia,neutral-reporting
2087937322390044751,Iran,Turkiye,neutral-reporting
2087937322390044751,Pakistan,Saudi Arabia,neutral-reporting
2087937322390044751,Pakistan,Turkiye,neutral-reporting
2087937322390044751,Saudi Arabia,Turkiye,neutral-reporting
2087935752063864836,Iran,Pakistan,neutral-reporting
2087935752063864836,Iran,Saudi Arabia,neutral-reporting
2087935752063864836,Iran,Turkiye,neutral-reporting
2087935752063864836,Pakistan,Saudi Arabia,neutral-reporting
2087935752063864836,Pakistan,Turkiye,neutral-reporting
2087935752063864836,Saudi Arabia,Turkiye,neutral-reporting
2087934173830889842,Pakistan,Saudi Arabia,neutral-reporting
2087934173830889842,Pakistan,Turkiye,neutral-reporting
2087934173830889842,Pakistan,United States,neutral-reporting
2087934173830889842,Saudi Arabia,Turkiye,neutral-reporting
2087934173830889842,Saudi Arabia,United States,neutral-reporting
2087934173830889842,Turkiye,United States,neutral-reporting
2087921047668470001,Saudi Arabia,Turkiye,supportive
2087921047668470001,Saudi Arabia,Pakistan,supportive
2087921047668470001,Turkiye,Pakistan,supportive
2087921047668470001,Iran,Saudi Arabia,hostile
2087921047668470001,Iran,Turkiye,hostile
2087921047668470001,Iran,Pakistan,hostile
2087912878573769068,Iran,Pakistan,neutral-reporting
2087912878573769068,Iran,Saudi Arabia,neutral-reporting
2087912878573769068,Iran,Turkiye,neutral-reporting
2087912878573769068,Iran,United States,neutral-reporting
2087912878573769068,Pakistan,Saudi Arabia,supportive
2087912878573769068,Pakistan,Turkiye,supportive
2087901470385389928,Iran,Pakistan,neutral-reporting
2087901470385389928,Iran,Saudi Arabia,neutral-reporting
2087901470385389928,Iran,Turkiye,neutral-reporting
2087901470385389928,Pakistan,Saudi Arabia,neutral-reporting
2087901470385389928,Pakistan,Turkiye,neutral-reporting
2087901470385389928,Saudi Arabia,Turkiye,neutral-reporting
2087867679227199881,Pakistan,United States,mediating
2087867679227199881,Iran,United States,hostile
2087867679227199881,Turkiye,Saudi Arabia,neutral-reporting
2087867679227199881,Turkiye,Pakistan,neutral-reporting
2087867679227199881,Saudi Arabia,Pakistan,neutral-reporting
2087867679227199881,Turkiye,United States,neutral-reporting
2087867679227199881,Saudi Arabia,United States,neutral-reporting
2087841470543716417,Iran,Turkiye,supportive
2087825917431218378,Iran,Pakistan,skeptical
2087825917431218378,Iran,Saudi Arabia,skeptical
2087825917431218378,Iran,Turkiye,skeptical
2087825917431218378,Pakistan,Saudi Arabia,neutral-reporting
2087825917431218378,Pakistan,Turkiye,neutral-reporting
2087825917431218378,Saudi Arabia,Turkiye,neutral-reporting
2087819663589724173,Iran,Pakistan,neutral-reporting
2087819663589724173,Iran,Saudi Arabia,neutral-reporting
2087819663589724173,Iran,Turkiye,neutral-reporting
2087819663589724173,Pakistan,Saudi Arabia,neutral-reporting
2087819663589724173,Pakistan,Turkiye,neutral-reporting
2087819663589724173,Saudi Arabia,Turkiye,neutral-reporting
2087788890400641457,Iran,Pakistan,supportive
2087772845401374918,Pakistan,Saudi Arabia,neutral-reporting
2087759584228155817,Iran,Saudi Arabia,hostile
2087759584228155817,Iran,Pakistan,hostile
2087759584228155817,Iran,Turkiye,hostile
2087759584228155817,Pakistan,Saudi Arabia,supportive
2087759584228155817,Pakistan,Turkiye,supportive
2087759584228155817,Saudi Arabia,Turkiye,supportive
2087744964352495647,Iran,Pakistan,neutral-reporting
2087741397474611334,Saudi Arabia,Turkiye,neutral-reporting
2087741397474611334,Saudi Arabia,Pakistan,neutral-reporting
2087741397474611334,Turkiye,Pakistan,neutral-reporting
2087741397474611334,Saudi Arabia,Iran,neutral-reporting
2087729102392275287,Pakistan,Saudi Arabia,neutral-reporting
2087729102392275287,Pakistan,Turkiye,neutral-reporting
2087729102392275287,Saudi Arabia,Turkiye,neutral-reporting
2087729102392275287,Pakistan,United States,neutral-reporting
2087729102392275287,Saudi Arabia,United States,neutral-reporting
2087729102392275287,Turkiye,United States,neutral-reporting
2087723976374329719,Iran,Turkiye,supportive
2087723418074624465,Pakistan,Saudi Arabia,neutral-reporting
2087712478847258630,Pakistan,Iran,neutral-reporting
2087705378737795123,Iran,Turkiye,hostile
2087699533723811944,Iran,Saudi Arabia,hostile
2087699533723811944,Iran,Turkiye,hostile
2087699533723811944,Iran,Pakistan,hostile
2087699533723811944,Turkiye,Pakistan,skeptical
2087699533723811944,Turkiye,Saudi Arabia,skeptical
2087699533723811944,Pakistan,Saudi Arabia,skeptical
2087698928510853538,Iran,Saudi Arabia,hostile
2087698928510853538,Iran,Turkiye,hostile
2087698928510853538,Iran,Pakistan,hostile
2087698928510853538,Turkiye,Pakistan,skeptical
2087698928510853538,Turkiye,Saudi Arabia,skeptical
2087698928510853538,Pakistan,Saudi Arabia,skeptical
2087696227597210022,Iran,Saudi Arabia,hostile
2087696227597210022,Iran,Turkiye,hostile
2087696227597210022,Saudi Arabia,Turkiye,skeptical
2087678150809440746,Pakistan,Saudi Arabia,supportive
2087678150809440746,Pakistan,Turkiye,neutral-reporting
2087678150809440746,Saudi Arabia,Turkiye,neutral-reporting
2087678150809440746,Iran,Pakistan,hostile
2087678150809440746,Iran,Saudi Arabia,hostile
2087678150809440746,Iran,Turkiye,hostile
2087661277585829930,Pakistan,Saudi Arabia,skeptical
2087661277585829930,Pakistan,Turkiye,skeptical
2087661277585829930,Saudi Arabia,Turkiye,skeptical
2087661277585829930,Pakistan,United States,mediating
2087639146948927708,Pakistan,Saudi Arabia,supportive
2087639146948927708,Pakistan,Turkiye,supportive
2087639146948927708,Pakistan,United States,supportive
2087639146948927708,Saudi Arabia,Turkiye,supportive
2087639146948927708,Saudi Arabia,United States,supportive
2087639146948927708,Turkiye,United States,supportive
2087638932708303071,Iran,Pakistan,neutral-reporting
2087638932708303071,Iran,Saudi Arabia,neutral-reporting
2087638932708303071,Iran,Turkiye,neutral-reporting
2087638932708303071,Iran,United States,neutral-reporting
2087638932708303071,Pakistan,Saudi Arabia,supportive
2087638932708303071,Pakistan,Turkiye,supportive
2087638932708303071,Pakistan,United States,supportive
2087638932708303071,Saudi Arabia,Turkiye,supportive
2087638932708303071,Saudi Arabia,United States,supportive
2087638932708303071,Turkiye,United States,supportive
2087638218355200203,Iran,Saudi Arabia,hostile
2087638218355200203,Iran,Turkiye,hostile
2087638218355200203,Saudi Arabia,Turkiye,supportive
2087629619948126471,Pakistan,Saudi Arabia,neutral-reporting
2087629619948126471,Pakistan,Turkiye,neutral-reporting
2087629619948126471,Saudi Arabia,Turkiye,neutral-reporting
2087628694944964750,Pakistan,Saudi Arabia,supportive
2087628694944964750,Pakistan,Turkiye,supportive
2087628694944964750,Pakistan,United States,hostile
2087628694944964750,Saudi Arabia,Turkiye,supportive
2087628694944964750,Saudi Arabia,United States,hostile
2087628694944964750,Turkiye,United States,hostile
2087618653730619896,Iran,Pakistan,neutral-reporting
2087618653730619896,Pakistan,Saudi Arabia,neutral-reporting
2087618653730619896,Pakistan,Turkiye,neutral-reporting
2087618653730619896,Saudi Arabia,Turkiye,neutral-reporting
2087596225021321418,Iran,Pakistan,skeptical
2087596225021321418,Iran,Saudi Arabia,skeptical
2087596225021321418,Iran,Turkiye,skeptical
2087596225021321418,Pakistan,Saudi Arabia,supportive
2087596225021321418,Pakistan,Turkiye,supportive
2087596225021321418,Saudi Arabia,Turkiye,supportive
2087591213696487864,Iran,Pakistan,neutral-reporting
2087584241479512390,Pakistan,Saudi Arabia,neutral-reporting
2087584241479512390,Pakistan,Turkiye,neutral-reporting
2087584241479512390,Saudi Arabia,Turkiye,neutral-reporting
2087574711068745839,Pakistan,Saudi Arabia,neutral-reporting
2087574711068745839,Pakistan,Turkiye,neutral-reporting
2087574711068745839,Saudi Arabia,Turkiye,neutral-reporting
2087572163016724827,Iran,Pakistan,neutral-reporting
2087571691279204700,Pakistan,Iran,supportive
2087567821890826336,Pakistan,Iran,supportive
2087562290845655174,Pakistan,Iran,hostile
2087560683483255004,Iran,Pakistan,neutral-reporting
2087560683483255004,Iran,Saudi Arabia,neutral-reporting
2087560683483255004,Iran,Turkiye,neutral-reporting
2087560683483255004,Iran,United States,neutral-reporting
2087560683483255004,Pakistan,Saudi Arabia,neutral-reporting
2087560683483255004,Pakistan,Turkiye,neutral-reporting
2087560683483255004,Pakistan,United States,neutral-reporting
2087560683483255004,Saudi Arabia,Turkiye,neutral-reporting
2087560683483255004,Saudi Arabia,United States,neutral-reporting
2087560683483255004,Turkiye,United States,neutral-reporting
2087559062443504089,Iran,Pakistan,neutral-reporting
2087558703264268748,Pakistan,Saudi Arabia,neutral-reporting
2087558703264268748,Pakistan,Turkiye,neutral-reporting
2087558703264268748,Saudi Arabia,Turkiye,neutral-reporting
2087554784110805369,Pakistan,Saudi Arabia,neutral-reporting
2087554784110805369,Pakistan,Turkiye,neutral-reporting
2087554784110805369,Saudi Arabia,Turkiye,neutral-reporting
2087554784110805369,Iran,Pakistan,skeptical
2087554784110805369,Iran,Saudi Arabia,skeptical
2087554784110805369,Iran,Turkiye,skeptical
2087528517210619935,Iran,Pakistan,unclear
2087528517210619935,Iran,Saudi Arabia,unclear
2087528517210619935,Iran,Turkiye,unclear
2087528517210619935,Pakistan,Saudi Arabia,neutral-reporting
2087528517210619935,Pakistan,Turkiye,neutral-reporting
2087528517210619935,Saudi Arabia,Turkiye,neutral-reporting
2087524102290423913,Iran,Pakistan,skeptical
2087524102290423913,Iran,Saudi Arabia,skeptical
2087524102290423913,Iran,Turkiye,skeptical
2087524102290423913,Pakistan,Saudi Arabia,supportive
2087524102290423913,Pakistan,Turkiye,supportive
2087524102290423913,Saudi Arabia,Turkiye,supportive
2087507962294116550,Pakistan,Saudi Arabia,neutral-reporting
2087507962294116550,Pakistan,Turkiye,neutral-reporting
2087507962294116550,Saudi Arabia,Turkiye,neutral-reporting
2087499313454694900,Saudi Arabia,Turkiye,neutral-reporting
2087499313454694900,Saudi Arabia,Pakistan,neutral-reporting
2087499313454694900,Turkiye,Pakistan,neutral-reporting
2087499313454694900,Iran,United States,hostile
2087499313454694900,Iran,Saudi Arabia,hostile
2087499313454694900,Iran,Pakistan,neutral-reporting
2087491892741300717,Pakistan,Turkiye,neutral-reporting
2087491892741300717,Pakistan,Iran,unclear
2087491892741300717,Turkiye,Iran,unclear
2087488578435645611,Pakistan,Saudi Arabia,supportive
2087488578435645611,Pakistan,Turkiye,supportive
2087488578435645611,Saudi Arabia,Turkiye,neutral-reporting
2087488578435645611,Pakistan,Iran,neutral-reporting
2087478635947081902,Pakistan,Iran,neutral-reporting
2087478635947081902,Pakistan,Saudi Arabia,neutral-reporting
2087478635947081902,Pakistan,Turkiye,neutral-reporting
2087478635947081902,Saudi Arabia,Turkiye,neutral-reporting
2087478635947081902,Iran,Saudi Arabia,neutral-reporting
2087478635947081902,Iran,Turkiye,neutral-reporting
2087473400285675996,Saudi Arabia,Pakistan,neutral-reporting
2087473400285675996,Saudi Arabia,Turkiye,neutral-reporting
2087471520742601190,Saudi Arabia,Pakistan,supportive
2087471520742601190,Saudi Arabia,Turkiye,supportive
2087471520742601190,Pakistan,Turkiye,supportive
2087471520742601190,Iran,Saudi Arabia,unclear
2087471520742601190,Iran,Pakistan,unclear
2087471520742601190,Iran,Turkiye,unclear
2087467363771859113,Saudi Arabia,Pakistan,neutral-reporting
2087467363771859113,Saudi Arabia,Turkiye,neutral-reporting
2087467363771859113,Pakistan,Turkiye,neutral-reporting
2087467363771859113,Saudi Arabia,United States,hostile
2087467363771859113,Iran,Saudi Arabia,hostile
2087462921718698236,Iran,Pakistan,neutral-reporting
2087462921718698236,Iran,Saudi Arabia,neutral-reporting
2087462921718698236,Iran,Turkiye,neutral-reporting
2087462921718698236,Pakistan,Saudi Arabia,neutral-reporting
2087462921718698236,Pakistan,Turkiye,neutral-reporting
2087462921718698236,Saudi Arabia,Turkiye,neutral-reporting
2087455166836662748,Iran,Pakistan,neutral-reporting
2087455166836662748,Iran,Saudi Arabia,neutral-reporting
2087455166836662748,Iran,Turkiye,neutral-reporting
2087455166836662748,Pakistan,Saudi Arabia,neutral-reporting
2087455166836662748,Pakistan,Turkiye,neutral-reporting
2087455166836662748,Saudi Arabia,Turkiye,neutral-reporting
2087438589009506814,Pakistan,Saudi Arabia,neutral-reporting
2087438589009506814,Pakistan,Turkiye,neutral-reporting
2087438589009506814,Saudi Arabia,Turkiye,neutral-reporting
2087438589009506814,Iran,Saudi Arabia,neutral-reporting
2087433930907812086,Pakistan,Iran,supportive
2087431447514587629,Pakistan,Iran,neutral-reporting
2087430201844301828,Pakistan,Iran,neutral-reporting
2087430201844301828,Pakistan,Saudi Arabia,neutral-reporting
2087430201844301828,Pakistan,Turkiye,neutral-reporting
2087430201844301828,Saudi Arabia,Turkiye,neutral-reporting
2087429561407750584,Iran,Pakistan,neutral-reporting
2087429561407750584,Pakistan,Saudi Arabia,neutral-reporting
2087429561407750584,Pakistan,Turkiye,neutral-reporting
2087429561407750584,Saudi Arabia,Turkiye,neutral-reporting
2087429471062343839,Iran,Pakistan,neutral-reporting
2087419268446953949,Iran,Pakistan,neutral-reporting
2087419268446953949,Pakistan,Saudi Arabia,neutral-reporting
2087419268446953949,Pakistan,Turkiye,neutral-reporting
2087419268446953949,Saudi Arabia,Turkiye,neutral-reporting
2087411871863513371,Pakistan,Saudi Arabia,supportive
2087411871863513371,Pakistan,Turkiye,supportive
2087411871863513371,Saudi Arabia,Turkiye,supportive
2087411871863513371,Iran,Pakistan,skeptical
2087411871863513371,Iran,Saudi Arabia,skeptical
2087411871863513371,Iran,Turkiye,skeptical
2087398967290040420,Pakistan,Turkiye,skeptical
2087391331891228742,Saudi Arabia,Turkiye,supportive
2087391331891228742,Saudi Arabia,Pakistan,supportive
2087391331891228742,Turkiye,Pakistan,supportive
2087391264136429806,Iran,Pakistan,hostile
2087391264136429806,Iran,Saudi Arabia,hostile
2087391264136429806,Iran,Turkiye,hostile
2087391264136429806,Pakistan,Saudi Arabia,supportive
2087391264136429806,Pakistan,Turkiye,supportive
2087391264136429806,Saudi Arabia,Turkiye,supportive
2087360958238744638,Iran,Saudi Arabia,neutral-reporting
2087357692675522749,Iran,Pakistan,hostile
2087357692675522749,Iran,Saudi Arabia,hostile
2087357692675522749,Iran,Turkiye,hostile
2087357692675522749,Pakistan,Saudi Arabia,supportive
2087357692675522749,Pakistan,Turkiye,supportive
2087357692675522749,Saudi Arabia,Turkiye,supportive
2087313109866217750,Saudi Arabia,United States,neutral-reporting
2087313109866217750,Turkiye,United States,neutral-reporting
2087313109866217750,Pakistan,United States,neutral-reporting
2087309922790687123,Iran,Saudi Arabia,neutral-reporting
2087309922790687123,Iran,Pakistan,neutral-reporting
2087309922790687123,Iran,Turkiye,neutral-reporting
2087309922790687123,Iran,United States,neutral-reporting
2087295622818709715,Saudi Arabia,Turkiye,neutral-reporting
2087295622818709715,Saudi Arabia,Pakistan,neutral-reporting
2087295622818709715,Turkiye,Pakistan,neutral-reporting
2087294074516631813,Saudi Arabia,Pakistan,neutral-reporting
2087294074516631813,Saudi Arabia,Turkiye,neutral-reporting
2087294074516631813,Pakistan,Turkiye,neutral-reporting
2087294074516631813,Iran,Saudi Arabia,hostile
2087294074516631813,Iran,Pakistan,hostile
2087294074516631813,Iran,Turkiye,hostile
2087290835163386279,Iran,Pakistan,hostile
2087290835163386279,Iran,Saudi Arabia,hostile
2087290835163386279,Iran,Turkiye,hostile
2087290835163386279,Pakistan,Saudi Arabia,supportive
2087290835163386279,Pakistan,Turkiye,supportive
2087290835163386279,Saudi Arabia,Turkiye,supportive
2087290439124836475,Iran,Pakistan,neutral-reporting
2087290439124836475,Iran,Saudi Arabia,neutral-reporting
2087290439124836475,Iran,Turkiye,neutral-reporting
2087290439124836475,Pakistan,Saudi Arabia,supportive
2087290439124836475,Pakistan,Turkiye,supportive
2087290439124836475,Saudi Arabia,Turkiye,supportive
2087280864568971576,Saudi Arabia,Pakistan,neutral-reporting
2087280864568971576,Saudi Arabia,Turkiye,neutral-reporting
2087269407231742343,Saudi Arabia,Turkiye,hostile
2087269407231742343,Saudi Arabia,Pakistan,hostile
2087269407231742343,Turkiye,Pakistan,neutral-reporting
2087259087570407774,Pakistan,Saudi Arabia,supportive
2087259087570407774,Pakistan,Turkiye,supportive
2087259087570407774,Saudi Arabia,Turkiye,supportive
2087259087570407774,Iran,Pakistan,hostile
2087259087570407774,Iran,Saudi Arabia,hostile
2087259087570407774,Iran,Turkiye,hostile
2087244137825452290,Pakistan,Saudi Arabia,skeptical
2087244137825452290,Pakistan,Turkiye,skeptical
2087244137825452290,Saudi Arabia,Turkiye,skeptical
2087244137825452290,Iran,Pakistan,hostile
2087244137825452290,Iran,Saudi Arabia,hostile
2087244137825452290,Iran,Turkiye,hostile
2087239858318086348,Iran,Pakistan,hostile
2087239858318086348,Iran,Saudi Arabia,hostile
2087239858318086348,Iran,Turkiye,hostile
2087239858318086348,Pakistan,Saudi Arabia,supportive
2087239858318086348,Pakistan,Turkiye,supportive
2087239858318086348,Saudi Arabia,Turkiye,supportive
2087234399251169627,Iran,Pakistan,skeptical
2087234399251169627,Iran,Saudi Arabia,skeptical
2087234399251169627,Iran,Turkiye,skeptical
2087234399251169627,Pakistan,Saudi Arabia,skeptical
2087234399251169627,Pakistan,Turkiye,skeptical
2087234399251169627,Saudi Arabia,Turkiye,skeptical
2087234399251169627,Pakistan,United States,skeptical
2087234399251169627,Turkiye,United States,skeptical
2087234367097569341,Iran,Pakistan,hostile
2087234367097569341,Iran,Saudi Arabia,hostile
2087234367097569341,Iran,Turkiye,hostile
2087224485967450348,Iran,Saudi Arabia,hostile
2087224485967450348,Iran,Pakistan,hostile
2087224485967450348,Iran,Turkiye,hostile
2087224485967450348,Saudi Arabia,United States,supportive
2087224485967450348,Pakistan,United States,supportive
2087224485967450348,Turkiye,United States,supportive
2087223869367308322,Iran,Saudi Arabia,hostile
2087221186837041446,United States,Saudi Arabia,neutral-reporting
2087221186837041446,United States,Pakistan,neutral-reporting
2087221186837041446,United States,Turkiye,neutral-reporting
2087221186837041446,Saudi Arabia,Pakistan,neutral-reporting
2087221186837041446,Saudi Arabia,Turkiye,neutral-reporting
2087221186837041446,Pakistan,Turkiye,neutral-reporting
2087218823724249405,Saudi Arabia,Pakistan,neutral-reporting
2087218823724249405,Saudi Arabia,Turkiye,neutral-reporting
2087218823724249405,Pakistan,Turkiye,neutral-reporting
2087218823724249405,Saudi Arabia,United States,skeptical
2087218823724249405,Pakistan,United States,skeptical
2087218823724249405,Turkiye,United States,skeptical
2087218371804660122,Pakistan,Saudi Arabia,supportive
2087218371804660122,Pakistan,Turkiye,supportive
2087218371804660122,Saudi Arabia,Turkiye,supportive
2087217755959214127,Iran,Pakistan,hostile
2087217755959214127,Iran,Saudi Arabia,hostile
2087217755959214127,Iran,Turkiye,hostile
2087217755959214127,Iran,United States,hostile
2087217755959214127,Pakistan,Saudi Arabia,supportive
2087217755959214127,Pakistan,Turkiye,supportive
2087217755959214127,Pakistan,United States,hostile
2087217755959214127,Saudi Arabia,Turkiye,supportive
2087217755959214127,Saudi Arabia,United States,hostile
2087217755959214127,Turkiye,United States,hostile
2087210928332800271,Pakistan,Saudi Arabia,neutral-reporting
2087210928332800271,Pakistan,Turkiye,neutral-reporting
2087210928332800271,Pakistan,United States,neutral-reporting
2087210928332800271,Saudi Arabia,Turkiye,neutral-reporting
2087210928332800271,Saudi Arabia,United States,neutral-reporting
2087210928332800271,Turkiye,United States,neutral-reporting
2087200380710948967,Pakistan,Iran,skeptical
2087197366499807652,Pakistan,Saudi Arabia,neutral-reporting
2087197366499807652,Pakistan,Turkiye,neutral-reporting
2087197366499807652,Saudi Arabia,Turkiye,neutral-reporting
2087178354482917523,Iran,United States,hostile
2087178354482917523,Iran,Saudi Arabia,skeptical
2087178354482917523,Iran,Pakistan,skeptical
2087178354482917523,Iran,Turkiye,skeptical
2087178354482917523,Saudi Arabia,Pakistan,supportive
2087178354482917523,Saudi Arabia,Turkiye,supportive
2087172305029923070,Saudi Arabia,United States,hostile
2087133774756606192,Pakistan,Saudi Arabia,supportive
2087133774756606192,Pakistan,Turkiye,supportive
2087133774756606192,Saudi Arabia,Turkiye,supportive
2087133774756606192,Pakistan,United States,neutral-reporting
2087133774756606192,Saudi Arabia,United States,neutral-reporting
2087133774756606192,Turkiye,United States,neutral-reporting
2087132617145553194,Pakistan,Saudi Arabia,supportive
2087132617145553194,Pakistan,Turkiye,supportive
2087132617145553194,Saudi Arabia,Turkiye,supportive
2087132617145553194,Pakistan,United States,hostile
2087132617145553194,Saudi Arabia,United States,hostile
2087132617145553194,Turkiye,United States,hostile
2087116031487570154,Pakistan,Saudi Arabia,supportive
2087116031487570154,Pakistan,Turkiye,supportive
2087116031487570154,Saudi Arabia,Turkiye,supportive
2087116031487570154,Pakistan,United States,hostile
2087116031487570154,Saudi Arabia,United States,hostile
2087116031487570154,Turkiye,United States,hostile
2087110217414652111,Iran,Pakistan,skeptical
2087110217414652111,Iran,Turkiye,skeptical
2087110217414652111,Iran,Saudi Arabia,skeptical
2087110217414652111,Pakistan,Turkiye,neutral-reporting
2087110217414652111,Pakistan,Saudi Arabia,neutral-reporting
2087110217414652111,Turkiye,Saudi Arabia,neutral-reporting
2087110217414652111,Iran,United States,hostile
2087110217414652111,Pakistan,United States,neutral-reporting
2087110217414652111,Turkiye,United States,neutral-reporting
2087110217414652111,Saudi Arabia,United States,unclear
2087041796354252932,Iran,United States,hostile
2087041796354252932,Iran,Pakistan,neutral-reporting
2087041796354252932,Pakistan,United States,neutral-reporting
2087041796354252932,Pakistan,Saudi Arabia,neutral-reporting
2087041796354252932,Pakistan,Turkiye,neutral-reporting
2087041796354252932,Saudi Arabia,Turkiye,neutral-reporting
2087015909890130428,Iran,United States,hostile
2086998006629294109,Iran,United States,hostile
2086998006629294109,Saudi Arabia,Pakistan,supportive
2086998006629294109,Saudi Arabia,Turkiye,supportive
2086998006629294109,Pakistan,Turkiye,supportive
2086998006629294109,Iran,Saudi Arabia,hostile
2086998006629294109,Iran,Pakistan,hostile
2086968400295924196,Pakistan,United States,neutral-reporting
2086968400295924196,Pakistan,Turkiye,neutral-reporting
2086968400295924196,Iran,United States,hostile
2086964138220368254,Iran,United States,hostile
2086961954330206395,Iran,Pakistan,skeptical
2086961954330206395,Iran,Saudi Arabia,skeptical
2086961954330206395,Iran,Turkiye,skeptical
2086961954330206395,Iran,United States,hostile
2086961954330206395,Pakistan,Saudi Arabia,supportive
2086961954330206395,Pakistan,Turkiye,supportive
2086961954330206395,Saudi Arabia,Turkiye,supportive
2086961954330206395,Pakistan,United States,skeptical
2086961954330206395,Saudi Arabia,United States,skeptical
2086961954330206395,Turkiye,United States,skeptical
2086944565177520309,Iran,United States,hostile
2086942722640736554,Iran,United States,hostile
2086941097008431276,Iran,United States,hostile
2086936709468749959,Iran,United States,hostile
2086935911133261950,Iran,United States,hostile
2086935874017911173,Iran,United States,hostile
2086935874017911173,Iran,Saudi Arabia,hostile
2086935874017911173,Iran,Pakistan,hostile
2086935874017911173,Iran,Turkiye,hostile
2086935874017911173,United States,Saudi Arabia,neutral-reporting
2086935874017911173,United States,Pakistan,neutral-reporting
2086935874017911173,United States,Turkiye,neutral-reporting
2086935874017911173,Saudi Arabia,Pakistan,neutral-reporting
2086935874017911173,Saudi Arabia,Turkiye,neutral-reporting
2086935874017911173,Pakistan,Turkiye,neutral-reporting
2086933978708127937,Iran,Saudi Arabia,hostile
2086933978708127937,United States,Saudi Arabia,neutral-reporting
2086929023364747415,Iran,United States,hostile
2086929025034027498,Iran,United States,hostile
2086929023020806504,Iran,United States,hostile
2086908845553553879,Iran,Pakistan,hostile
2086908845553553879,Iran,United States,hostile
2086888728291590506,Saudi Arabia,Pakistan,supportive
2086888728291590506,Saudi Arabia,Turkiye,supportive
2086888728291590506,Pakistan,Turkiye,supportive
2086888728291590506,Saudi Arabia,United States,neutral-reporting
2086888728291590506,Pakistan,United States,neutral-reporting
2086888728291590506,Turkiye,United States,neutral-reporting
2086888728291590506,Saudi Arabia,Iran,hostile
2086888728291590506,Pakistan,Iran,hostile
2086888728291590506,Turkiye,Iran,hostile
2086878371493925374,Iran,United States,neutral-reporting
2086878371493925374,Iran,Saudi Arabia,neutral-reporting
2086878371493925374,Iran,Pakistan,neutral-reporting
2086878371493925374,Iran,Turkiye,neutral-reporting
2086878371493925374,Saudi Arabia,Pakistan,neutral-reporting
2086878371493925374,Saudi Arabia,Turkiye,neutral-reporting
2086878371493925374,Pakistan,Turkiye,neutral-reporting
2086874339496861839,Iran,Saudi Arabia,hostile
2086874339496861839,Iran,Turkiye,hostile
2086874339496861839,Iran,Pakistan,hostile
2086874339496861839,Saudi Arabia,Turkiye,supportive
2086874339496861839,Saudi Arabia,Pakistan,supportive
2086874339496861839,Turkiye,Pakistan,supportive
2086843919753437613,Iran,Pakistan,neutral-reporting
2086843919753437613,Iran,Saudi Arabia,neutral-reporting
2086843919753437613,Iran,Turkiye,neutral-reporting
2086843919753437613,Iran,United States,neutral-reporting
2086843919753437613,Pakistan,Saudi Arabia,supportive
2086843919753437613,Pakistan,Turkiye,supportive
2086843919753437613,Pakistan,United States,neutral-reporting
2086843919753437613,Saudi Arabia,Turkiye,supportive
2086836387278381325,Iran,Pakistan,supportive
2086836387278381325,Iran,Saudi Arabia,supportive
2086836387278381325,Iran,Turkiye,supportive
2086836387278381325,Iran,United States,hostile
2086836387278381325,Pakistan,Saudi Arabia,supportive
2086836387278381325,Pakistan,Turkiye,supportive
2086836387278381325,Pakistan,United States,hostile
2086836387278381325,Saudi Arabia,Turkiye,supportive
2086836387278381325,Saudi Arabia,United States,hostile
2086836387278381325,Turkiye,United States,hostile
2086825632508317888,Iran,Pakistan,neutral-reporting
2086825632508317888,Iran,Saudi Arabia,neutral-reporting
2086825632508317888,Iran,Turkiye,neutral-reporting
2086825632508317888,Iran,United States,hostile
2086825632508317888,Pakistan,Saudi Arabia,supportive
2086825632508317888,Pakistan,Turkiye,supportive
2086825632508317888,Pakistan,United States,neutral-reporting
2086825632508317888,Saudi Arabia,Turkiye,supportive
2086825632508317888,Saudi Arabia,United States,neutral-reporting
2086825632508317888,Turkiye,United States,neutral-reporting
2086813411271422039,Iran,Saudi Arabia,hostile
2086810939437756519,Iran,Pakistan,neutral-reporting
2086810939437756519,Iran,Saudi Arabia,neutral-reporting
2086810939437756519,Iran,Turkiye,neutral-reporting
2086810939437756519,Iran,United States,neutral-reporting
2086810939437756519,Pakistan,Saudi Arabia,neutral-reporting
2086810939437756519,Pakistan,Turkiye,neutral-reporting
2086810939437756519,Pakistan,United States,neutral-reporting
2086810939437756519,Saudi Arabia,Turkiye,neutral-reporting
2086810939437756519,Saudi Arabia,United States,neutral-reporting
2086810939437756519,Turkiye,United States,neutral-reporting
2086801082609533022,Iran,United States,hostile
2086793206121836699,Pakistan,Saudi Arabia,neutral-reporting
2086793206121836699,Pakistan,Turkiye,neutral-reporting
2086793206121836699,Saudi Arabia,Turkiye,neutral-reporting
2086793206121836699,Iran,United States,hostile
2086791619286548488,Pakistan,Saudi Arabia,neutral-reporting
2086791619286548488,Pakistan,Turkiye,neutral-reporting
2086791619286548488,Saudi Arabia,Turkiye,neutral-reporting
2086791619286548488,Iran,United States,hostile
2086791619286548488,Iran,Saudi Arabia,neutral-reporting
2086787301015953860,Pakistan,Saudi Arabia,neutral-reporting
2086787301015953860,Pakistan,Turkiye,neutral-reporting
2086787301015953860,Saudi Arabia,Turkiye,neutral-reporting
2086775739236413556,Iran,United States,hostile
2086769528915288487,Iran,United States,hostile
2086769528915288487,Pakistan,United States,hostile
2086769528915288487,Saudi Arabia,United States,hostile
2086769528915288487,Turkiye,United States,hostile
2086763803619025071,Pakistan,United States,neutral-reporting
2086763803619025071,Saudi Arabia,United States,neutral-reporting
2086763803619025071,Turkiye,United States,neutral-reporting
2086744133444477162,Iran,United States,hostile
2086741008293695668,Iran,United States,neutral-reporting
2086741008293695668,Iran,Saudi Arabia,neutral-reporting
2086741008293695668,Iran,Pakistan,neutral-reporting
2086741008293695668,Iran,Turkiye,neutral-reporting
2086741008293695668,United States,Saudi Arabia,neutral-reporting
2086741008293695668,United States,Pakistan,neutral-reporting
2086741008293695668,United States,Turkiye,neutral-reporting
2086741008293695668,Saudi Arabia,Pakistan,neutral-reporting
2086741008293695668,Saudi Arabia,Turkiye,neutral-reporting
2086741008293695668,Pakistan,Turkiye,neutral-reporting
2086739745129091239,Iran,United States,hostile
2086739745129091239,Iran,Saudi Arabia,hostile
2086739745129091239,Iran,Pakistan,hostile
2086739745129091239,Iran,Turkiye,hostile
2086739745129091239,United States,Saudi Arabia,neutral-reporting
2086739745129091239,United States,Pakistan,neutral-reporting
2086739745129091239,United States,Turkiye,hostile
2086739745129091239,Saudi Arabia,Pakistan,supportive
2086739745129091239,Saudi Arabia,Turkiye,supportive
2086734734910947830,Iran,Pakistan,neutral-reporting
2086734734910947830,Iran,Turkiye,neutral-reporting
2086734734910947830,Iran,United States,hostile
2086734734910947830,Pakistan,Turkiye,neutral-reporting
2086734734910947830,Pakistan,United States,hostile
2086734734910947830,Turkiye,United States,hostile
2086717039331409949,Iran,United States,hostile
2086702530361233594,Iran,Pakistan,neutral-reporting
2086702530361233594,Iran,Saudi Arabia,neutral-reporting
2086702530361233594,Iran,Turkiye,neutral-reporting
2086702530361233594,Iran,United States,neutral-reporting
2086702530361233594,Pakistan,Saudi Arabia,neutral-reporting
2086702530361233594,Pakistan,Turkiye,neutral-reporting
2086702530361233594,Pakistan,United States,neutral-reporting
2086702530361233594,Saudi Arabia,Turkiye,neutral-reporting
2086702530361233594,Saudi Arabia,United States,neutral-reporting
2086702530361233594,Turkiye,United States,neutral-reporting
2086698467599216843,Iran,Pakistan,neutral-reporting
2086698467599216843,Iran,Saudi Arabia,neutral-reporting
2086698467599216843,Iran,Turkiye,neutral-reporting
2086698467599216843,Iran,United States,neutral-reporting
2086698467599216843,Pakistan,Saudi Arabia,neutral-reporting
2086698467599216843,Pakistan,Turkiye,neutral-reporting
2086698467599216843,Pakistan,United States,neutral-reporting
2086698467599216843,Saudi Arabia,Turkiye,neutral-reporting
2086698467599216843,Saudi Arabia,United States,skeptical
2086698467599216843,Turkiye,United States,neutral-reporting
2086692086875570647,Iran,United States,hostile
2086691483789222118,Iran,Pakistan,neutral-reporting
2086691483789222118,Iran,Saudi Arabia,neutral-reporting
2086691483789222118,Iran,Turkiye,neutral-reporting
2086691483789222118,Iran,United States,neutral-reporting
2086691483789222118,Pakistan,Saudi Arabia,neutral-reporting
2086691483789222118,Pakistan,Turkiye,neutral-reporting
2086691483789222118,Pakistan,United States,neutral-reporting
2086691483789222118,Saudi Arabia,Turkiye,neutral-reporting
2086691483789222118,Saudi Arabia,United States,neutral-reporting
2086691483789222118,Turkiye,United States,neutral-reporting
2086690500959211765,Iran,Pakistan,skeptical
2086690500959211765,Iran,Saudi Arabia,unclear
2086690500959211765,Iran,Turkiye,unclear
2086690500959211765,Iran,United States,unclear
2086690500959211765,Pakistan,Saudi Arabia,neutral-reporting
2086690500959211765,Pakistan,Turkiye,neutral-reporting
2086690500959211765,Pakistan,United States,skeptical
2086690500959211765,Saudi Arabia,Turkiye,neutral-reporting
2086690500959211765,Saudi Arabia,United States,skeptical
2086690500959211765,Turkiye,United States,skeptical
2086688241671925873,Pakistan,Saudi Arabia,neutral-reporting
2086688241671925873,Pakistan,Turkiye,neutral-reporting
2086688241671925873,Saudi Arabia,Turkiye,neutral-reporting
2086685589898936493,Iran,Pakistan,skeptical
2086685589898936493,Iran,Saudi Arabia,skeptical
2086685589898936493,Iran,Turkiye,skeptical
2086685589898936493,Iran,United States,skeptical
2086685589898936493,Pakistan,Saudi Arabia,neutral-reporting
2086685589898936493,Pakistan,Turkiye,neutral-reporting
2086685589898936493,Pakistan,United States,skeptical
2086685589898936493,Saudi Arabia,Turkiye,neutral-reporting
2086685589898936493,Saudi Arabia,United States,skeptical
2086685589898936493,Turkiye,United States,skeptical
2086678207139373322,Iran,Pakistan,neutral-reporting
2086678207139373322,Iran,Saudi Arabia,neutral-reporting
2086678207139373322,Iran,Turkiye,neutral-reporting
2086678207139373322,Iran,United States,neutral-reporting
2086678207139373322,Pakistan,Saudi Arabia,supportive
2086678207139373322,Pakistan,Turkiye,supportive
2086678207139373322,Pakistan,United States,neutral-reporting
2086678207139373322,Saudi Arabia,Turkiye,supportive
2086678207139373322,Saudi Arabia,United States,neutral-reporting
2086678207139373322,Turkiye,United States,neutral-reporting
2086673806139994228,Iran,United States,hostile
2086665906424328254,Saudi Arabia,United States,neutral-reporting
2086642587201675596,Iran,Saudi Arabia,supportive
2086642587201675596,Iran,United States,hostile
2086642587201675596,Saudi Arabia,United States,neutral-reporting
2086638280221806904,Saudi Arabia,Turkiye,neutral-reporting
2086638280221806904,Saudi Arabia,Pakistan,neutral-reporting
2086638280221806904,Turkiye,Pakistan,neutral-reporting
2086571453785509969,Saudi Arabia,Turkiye,neutral-reporting
2086571453785509969,Saudi Arabia,Pakistan,neutral-reporting
2086571453785509969,Turkiye,Pakistan,neutral-reporting
2086509016377905649,Saudi Arabia,Turkiye,neutral-reporting
2086509016377905649,Saudi Arabia,Pakistan,neutral-reporting
2086509016377905649,Turkiye,Pakistan,neutral-reporting
2086474052664004874,Iran,Saudi Arabia,hostile
2086474052664004874,Iran,United States,hostile
2086474052664004874,Saudi Arabia,United States,skeptical
2086448302120210714,Iran,Pakistan,neutral-reporting
2086448302120210714,Iran,Saudi Arabia,neutral-reporting
2086448302120210714,Iran,Turkiye,neutral-reporting
2086448302120210714,Iran,United States,neutral-reporting
2086448302120210714,Pakistan,Saudi Arabia,supportive
2086448302120210714,Pakistan,Turkiye,supportive
2086448302120210714,Pakistan,United States,neutral-reporting
2086448302120210714,Saudi Arabia,Turkiye,supportive
2086448302120210714,Saudi Arabia,United States,skeptical
2086448302120210714,Turkiye,United States,neutral-reporting
2086417960910877158,Iran,Pakistan,neutral-reporting
2086417960910877158,Iran,Saudi Arabia,neutral-reporting
2086417960910877158,Iran,Turkiye,neutral-reporting
2086417960910877158,Iran,United States,neutral-reporting
2086417960910877158,Pakistan,Saudi Arabia,supportive
2086417960910877158,Pakistan,Turkiye,supportive
2086417960910877158,Pakistan,United States,skeptical
2086411927601766514,Pakistan,Saudi Arabia,supportive
2086411927601766514,Pakistan,Turkiye,supportive
2086411927601766514,Saudi Arabia,Turkiye,supportive
2086411927601766514,Iran,Pakistan,hostile
2086411927601766514,Iran,Saudi Arabia,hostile
2086411927601766514,Iran,Turkiye,hostile
2086411927601766514,Iran,United States,hostile
2086411927601766514,Pakistan,United States,skeptical
2086411927601766514,Saudi Arabia,United States,neutral-reporting
2086411927601766514,Turkiye,United States,skeptical
2086167281663455253,Pakistan,Saudi Arabia,supportive
2086167281663455253,Pakistan,Turkiye,supportive
2086167281663455253,Saudi Arabia,Turkiye,supportive
2086167281663455253,Saudi Arabia,United States,hostile
2086167281663455253,Turkiye,United States,neutral-reporting
2086146335712096462,Iran,Pakistan,hostile
2086146335712096462,Iran,Saudi Arabia,hostile
2086146335712096462,Iran,Turkiye,hostile
2086146335712096462,Pakistan,Saudi Arabia,neutral-reporting
2086146335712096462,Pakistan,Turkiye,neutral-reporting
2086146335712096462,Saudi Arabia,Turkiye,neutral-reporting
2086130612885409823,Pakistan,Saudi Arabia,neutral-reporting
2086130612885409823,Pakistan,Turkiye,neutral-reporting
2086130612885409823,Pakistan,United States,neutral-reporting
2086130612885409823,Saudi Arabia,Turkiye,neutral-reporting
2086130612885409823,Saudi Arabia,United States,neutral-reporting
2086130612885409823,Turkiye,United States,neutral-reporting
2086108627270619389,Iran,United States,neutral-reporting
2086075705578692839,Pakistan,Saudi Arabia,neutral-reporting
2086075705578692839,Pakistan,Turkiye,neutral-reporting
2086075705578692839,Pakistan,United States,neutral-reporting
2086075705578692839,Saudi Arabia,Turkiye,neutral-reporting
2086075705578692839,Saudi Arabia,United States,neutral-reporting
2086075705578692839,Turkiye,United States,neutral-reporting
2086074165791232430,Saudi Arabia,United States,hostile
2086024958954659986,Iran,Pakistan,hostile
2086024958954659986,Iran,Saudi Arabia,hostile
2086024958954659986,Iran,Turkiye,hostile
2086024958954659986,Pakistan,Saudi Arabia,supportive
2086024958954659986,Pakistan,Turkiye,supportive
2086024958954659986,Saudi Arabia,Turkiye,supportive
2086024958954659986,Pakistan,United States,skeptical
2086024958954659986,Saudi Arabia,United States,skeptical
2086024958954659986,Turkiye,United States,skeptical
2086017303209181313,Pakistan,Saudi Arabia,supportive
2086017303209181313,Pakistan,Turkiye,supportive
2086017303209181313,Saudi Arabia,Turkiye,supportive
2086016196252430671,Iran,Pakistan,neutral-reporting
2086016196252430671,Iran,Saudi Arabia,hostile
2086016196252430671,Iran,Turkiye,neutral-reporting
2086016196252430671,Pakistan,Saudi Arabia,supportive
2086016196252430671,Pakistan,Turkiye,supportive
2086016196252430671,Saudi Arabia,Turkiye,supportive
2086009173289156966,Iran,Pakistan,neutral-reporting
2086009173289156966,Iran,Saudi Arabia,neutral-reporting
2086009173289156966,Iran,Turkiye,neutral-reporting
2086009173289156966,Pakistan,Saudi Arabia,neutral-reporting
2086009173289156966,Pakistan,Turkiye,neutral-reporting
2086009173289156966,Pakistan,United States,neutral-reporting
2086009173289156966,Saudi Arabia,Turkiye,neutral-reporting
2086009173289156966,Saudi Arabia,United States,neutral-reporting
2086009173289156966,Turkiye,United States,neutral-reporting
2086005449317552492,Pakistan,Saudi Arabia,supportive
2086005449317552492,Pakistan,Turkiye,supportive
2086005449317552492,Saudi Arabia,Turkiye,supportive
2086005449317552492,Pakistan,United States,neutral-reporting
2086005449317552492,Saudi Arabia,United States,neutral-reporting
2086005449317552492,Turkiye,United States,neutral-reporting
2085974229024186463,Iran,Pakistan,hostile
2085854659533558138,Pakistan,Saudi Arabia,supportive
2085854659533558138,Pakistan,Turkiye,supportive
2085854659533558138,Saudi Arabia,Turkiye,supportive
2085854659533558138,Pakistan,United States,neutral-reporting
2085854659533558138,Saudi Arabia,United States,neutral-reporting
2085854659533558138,Turkiye,United States,neutral-reporting
2085816678579830990,Pakistan,Saudi Arabia,supportive
2085816678579830990,Pakistan,Turkiye,supportive
2085816678579830990,Saudi Arabia,Turkiye,supportive
2085816678579830990,Pakistan,United States,skeptical
2085816678579830990,Saudi Arabia,United States,skeptical
2085816678579830990,Turkiye,United States,skeptical
2085812872236384409,Pakistan,Saudi Arabia,supportive
2085812872236384409,Pakistan,Turkiye,supportive
2085812872236384409,Saudi Arabia,Turkiye,supportive
2085812872236384409,Pakistan,United States,neutral-reporting
2085812872236384409,Saudi Arabia,United States,neutral-reporting
2085812872236384409,Turkiye,United States,neutral-reporting
2085806934620340638,Saudi Arabia,United States,skeptical
2085806934620340638,Pakistan,Iran,neutral-reporting
2085806934620340638,Turkiye,Iran,neutral-reporting
2085795180247204150,Saudi Arabia,United States,skeptical
2085795180247204150,Pakistan,Saudi Arabia,neutral-reporting
2085795180247204150,Pakistan,Turkiye,neutral-reporting
2085795180247204150,Saudi Arabia,Turkiye,neutral-reporting
2085791246203941249,Iran,United States,hostile
2085772025734508768,Saudi Arabia,Pakistan,supportive
2085772025734508768,Saudi Arabia,Turkiye,supportive
2085772025734508768,Pakistan,Turkiye,supportive
2085772025734508768,Saudi Arabia,United States,hostile
2085772025734508768,Pakistan,United States,hostile
2085772025734508768,Turkiye,United States,hostile
2085772025734508768,Saudi Arabia,Iran,hostile
2085772025734508768,Pakistan,Iran,hostile
2085772025734508768,Turkiye,Iran,hostile
2085772025734508768,United States,Iran,hostile
2085738513136320753,Pakistan,Turkiye,supportive
2085738513136320753,Pakistan,Saudi Arabia,supportive
2085738513136320753,Turkiye,Saudi Arabia,supportive
2085738513136320753,Pakistan,Iran,hostile
2085738513136320753,Turkiye,Iran,hostile
2085738513136320753,Saudi Arabia,Iran,hostile
2085738513136320753,Pakistan,United States,skeptical
2085738513136320753,Turkiye,United States,skeptical
2085738513136320753,Saudi Arabia,United States,skeptical
2085735027564843460,Turkiye,Pakistan,supportive
2085735027564843460,Turkiye,Saudi Arabia,supportive
2085735027564843460,Pakistan,Saudi Arabia,supportive
2085735027564843460,Turkiye,United States,hostile
2085735027564843460,Pakistan,United States,hostile
2085734369478488069,Iran,Saudi Arabia,hostile
2085734369478488069,Iran,Pakistan,hostile
2085734369478488069,Iran,Turkiye,hostile
2085734369478488069,Iran,United States,hostile
2085734369478488069,Saudi Arabia,Pakistan,neutral-reporting
2085734369478488069,Saudi Arabia,Turkiye,neutral-reporting
2085734369478488069,Saudi Arabia,United States,neutral-reporting
2085734369478488069,Pakistan,Turkiye,neutral-reporting
2085726882037641405,Iran,United States,hostile
2085726882037641405,Pakistan,Saudi Arabia,supportive
2085726882037641405,Pakistan,Turkiye,supportive
2085726882037641405,Saudi Arabia,Turkiye,supportive
2085718232535801866,Iran,Pakistan,hostile
2085702729721376922,Pakistan,Saudi Arabia,neutral-reporting
2085702729721376922,Pakistan,Turkiye,neutral-reporting
2085702729721376922,Saudi Arabia,Turkiye,neutral-reporting
2085702729721376922,Pakistan,United States,neutral-reporting
2085702729721376922,Saudi Arabia,United States,neutral-reporting
2085702729721376922,Turkiye,United States,neutral-reporting
2085700020360348134,Pakistan,Saudi Arabia,neutral-reporting
2085700020360348134,Pakistan,Turkiye,neutral-reporting
2085700020360348134,Saudi Arabia,Turkiye,neutral-reporting
2085695731453530474,Pakistan,Saudi Arabia,neutral-reporting
2085695731453530474,Pakistan,Turkiye,neutral-reporting
2085695731453530474,Saudi Arabia,Turkiye,neutral-reporting
2085690237561270480,Pakistan,Saudi Arabia,neutral-reporting
2085690237561270480,Pakistan,Turkiye,neutral-reporting
2085690237561270480,Saudi Arabia,Turkiye,neutral-reporting
2085690237561270480,Iran,Pakistan,hostile
2085690237561270480,Iran,Saudi Arabia,hostile
2085690237561270480,Iran,Turkiye,hostile
2085648724986835209,Pakistan,Saudi Arabia,neutral-reporting
2085648724986835209,Pakistan,Turkiye,neutral-reporting
2085648724986835209,Saudi Arabia,Turkiye,neutral-reporting
2085647552507154761,Saudi Arabia,Turkiye,supportive
2085647552507154761,Saudi Arabia,Pakistan,supportive
2085647552507154761,Turkiye,Pakistan,supportive
2085647552507154761,Saudi Arabia,United States,neutral-reporting
2085647552507154761,Turkiye,United States,neutral-reporting
2085647552507154761,Saudi Arabia,Iran,hostile
2085647552507154761,Turkiye,Iran,hostile
2085647552507154761,Pakistan,Iran,hostile
2085599628456816877,Saudi Arabia,Pakistan,neutral-reporting
1968917639519941043,Saudi Arabia,Pakistan,neutral-reporting
2086674707534024994,Iran,United States,hostile
2097798379141304826,Pakistan,Saudi Arabia,supportive
2097796363836588542,Pakistan,Saudi Arabia,supportive
2097796272073945349,Iran,Pakistan,hostile
2097795720271052910,Pakistan,Saudi Arabia,supportive
2097795720271052910,Pakistan,Turkiye,neutral-reporting
2097795720271052910,Saudi Arabia,Turkiye,neutral-reporting
2097795720271052910,Iran,Pakistan,hostile
2097795720271052910,Iran,Saudi Arabia,hostile
2097795720271052910,Iran,Turkiye,unclear
2097795415538118894,Pakistan,Saudi Arabia,supportive
2097795415538118894,Pakistan,Turkiye,neutral-reporting
2097795415538118894,Saudi Arabia,Turkiye,neutral-reporting
2097793833140416739,Pakistan,Saudi Arabia,supportive
2097793833140416739,Iran,Pakistan,hostile
2097793833140416739,Iran,Saudi Arabia,hostile
2097793653049573471,Pakistan,Saudi Arabia,supportive
2097793653049573471,Pakistan,Turkiye,neutral-reporting
2097793653049573471,Saudi Arabia,Turkiye,neutral-reporting
2097785291826163954,Iran,Pakistan,hostile
2097783797198520728,Pakistan,Saudi Arabia,supportive
2097778705221198034,Saudi Arabia,Turkiye,skeptical
2097778326677152241,Pakistan,Saudi Arabia,neutral-reporting
2097778326677152241,Pakistan,Turkiye,neutral-reporting
2097778326677152241,Saudi Arabia,Turkiye,neutral-reporting
2097776112034349504,Pakistan,Saudi Arabia,supportive
2097776112034349504,Pakistan,Turkiye,neutral-reporting
2097776112034349504,Saudi Arabia,Turkiye,neutral-reporting
2097774475827699869,Pakistan,Saudi Arabia,neutral-reporting
2097774475827699869,Pakistan,Turkiye,neutral-reporting
2097774475827699869,Saudi Arabia,Turkiye,neutral-reporting
2097774475827699869,Pakistan,United States,neutral-reporting
2097774475827699869,Saudi Arabia,United States,neutral-reporting
2097774475827699869,Turkiye,United States,neutral-reporting
2097774338552303844,Iran,Saudi Arabia,hostile
2097774060386353580,Iran,Pakistan,hostile
2097774060386353580,Iran,Saudi Arabia,hostile
2097774060386353580,Iran,Turkiye,neutral-reporting
2097774060386353580,Iran,United States,unclear
2097774060386353580,Pakistan,Saudi Arabia,supportive
2097774060386353580,Pakistan,Turkiye,supportive
2097774060386353580,Pakistan,United States,unclear
2097774060386353580,Saudi Arabia,Turkiye,supportive
2097774060386353580,Saudi Arabia,United States,unclear
2097774060386353580,Turkiye,United States,unclear
2097774034758902151,Iran,Pakistan,hostile
2097774034758902151,Iran,Saudi Arabia,hostile
2097774034758902151,Iran,Turkiye,neutral-reporting
2097774034758902151,Iran,United States,unclear
2097774034758902151,Pakistan,Saudi Arabia,supportive
2097774034758902151,Pakistan,Turkiye,supportive
2097774034758902151,Pakistan,United States,unclear
2097774034758902151,Saudi Arabia,Turkiye,supportive
2097774034758902151,Saudi Arabia,United States,unclear
2097773997358219329,Pakistan,Saudi Arabia,skeptical
2097773502246064518,Pakistan,Saudi Arabia,supportive
2097772636856304021,Pakistan,Saudi Arabia,supportive
2097772340222545997,Pakistan,Saudi Arabia,supportive
2097772340222545997,Pakistan,Turkiye,neutral-reporting
2097772340222545997,Saudi Arabia,Turkiye,neutral-reporting
2097772305619579267,Pakistan,Saudi Arabia,supportive
2097772305619579267,Pakistan,Turkiye,supportive
2097772305619579267,Saudi Arabia,Turkiye,supportive
2097770986590585079,Pakistan,Saudi Arabia,skeptical
2097769844158714311,Pakistan,Saudi Arabia,skeptical
2097769844158714311,Pakistan,Turkiye,skeptical
2097769844158714311,Saudi Arabia,Turkiye,skeptical
2097769718837022832,Pakistan,Saudi Arabia,skeptical
2097769718837022832,Pakistan,Turkiye,skeptical
2097769718837022832,Saudi Arabia,Turkiye,skeptical
2097769426015887432,Iran,Pakistan,skeptical
2097769426015887432,Pakistan,Saudi Arabia,supportive
2097768937241112983,Pakistan,Saudi Arabia,skeptical
2097768937241112983,Pakistan,Turkiye,skeptical
2097768937241112983,Saudi Arabia,Turkiye,skeptical
2097767881836503292,Pakistan,Turkiye,skeptical
2097766793268068371,Iran,Pakistan,neutral-reporting
2097766793268068371,Iran,Saudi Arabia,hostile
2097766793268068371,Iran,Turkiye,neutral-reporting
2097766793268068371,Pakistan,Saudi Arabia,supportive
2097766793268068371,Pakistan,Turkiye,supportive
2097766793268068371,Saudi Arabia,Turkiye,supportive
2097764792802885750,Pakistan,Saudi Arabia,supportive
2097763866742604224,Pakistan,Saudi Arabia,neutral-reporting
2097763866742604224,Pakistan,Turkiye,neutral-reporting
2097763866742604224,Saudi Arabia,Turkiye,neutral-reporting
2097763149453902019,Pakistan,Saudi Arabia,supportive
2097763149453902019,Pakistan,Turkiye,supportive
2097763149453902019,Saudi Arabia,Turkiye,supportive
2097762341668413876,Pakistan,Saudi Arabia,supportive
2097762341668413876,Pakistan,Turkiye,neutral-reporting
2097762341668413876,Saudi Arabia,Turkiye,supportive
2097762341668413876,Iran,Pakistan,hostile
2097762341668413876,Iran,Saudi Arabia,hostile
2097762341668413876,Iran,Turkiye,hostile
2097760356643070209,Pakistan,Saudi Arabia,neutral-reporting
2097760255329567054,Pakistan,Saudi Arabia,supportive
2097760255329567054,Pakistan,Turkiye,neutral-reporting
2097760255329567054,Saudi Arabia,Turkiye,neutral-reporting
2097759694681215264,Pakistan,Saudi Arabia,supportive
2097758721866698982,Pakistan,Saudi Arabia,skeptical
2097758721866698982,Pakistan,Turkiye,neutral-reporting
2097758721866698982,Pakistan,Iran,hostile
2097758721866698982,Pakistan,United States,hostile
2097758721866698982,Saudi Arabia,Turkiye,neutral-reporting
2097758721866698982,Saudi Arabia,Iran,hostile
2097758721866698982,Saudi Arabia,United States,hostile
2097758721866698982,Turkiye,Iran,neutral-reporting
2097758721866698982,Turkiye,United States,neutral-reporting
2097758721866698982,Iran,United States,hostile
2097758244013846955,Pakistan,Saudi Arabia,neutral-reporting
2097758181967679935,Pakistan,Turkiye,hostile
2097758181967679935,Pakistan,United States,hostile
2097758181967679935,Turkiye,United States,hostile
2097757786566254626,Pakistan,Saudi Arabia,skeptical
2097757786566254626,Pakistan,Turkiye,skeptical
2097757786566254626,Saudi Arabia,Turkiye,skeptical
2097753672440537326,Pakistan,Saudi Arabia,supportive
2097753672440537326,Pakistan,Turkiye,supportive
2097753672440537326,Saudi Arabia,Turkiye,supportive
2097753537858121865,Pakistan,Saudi Arabia,hostile
2097752880556232838,Pakistan,Saudi Arabia,neutral-reporting
2097752880556232838,Pakistan,Turkiye,neutral-reporting
2097752880556232838,Saudi Arabia,Turkiye,neutral-reporting
2097752086633185353,Iran,Saudi Arabia,unclear
2097751582884434287,Pakistan,Saudi Arabia,neutral-reporting
2097751582884434287,Pakistan,Turkiye,neutral-reporting
2097751582884434287,Saudi Arabia,Turkiye,neutral-reporting
2097751544674607476,Pakistan,Saudi Arabia,neutral-reporting
2097751544674607476,Pakistan,Turkiye,neutral-reporting
2097751544674607476,Saudi Arabia,Turkiye,neutral-reporting
2097749975988092953,Pakistan,Saudi Arabia,neutral-reporting
2097749975988092953,Pakistan,Turkiye,neutral-reporting
2097749975988092953,Saudi Arabia,Turkiye,neutral-reporting
2097749643031347528,Pakistan,Saudi Arabia,skeptical
2097749643031347528,Turkiye,Saudi Arabia,skeptical
2097749643031347528,Pakistan,Turkiye,skeptical
2097749643031347528,Iran,Saudi Arabia,hostile
2097747921303216277,Pakistan,Saudi Arabia,skeptical
2097747921303216277,Pakistan,Turkiye,neutral-reporting
2097747921303216277,Saudi Arabia,Turkiye,neutral-reporting
2097747770656612458,Pakistan,Saudi Arabia,skeptical
2097747770656612458,Iran,Saudi Arabia,hostile
2097747770656612458,Iran,Pakistan,skeptical
2097745898889674847,Pakistan,Iran,hostile
2097742700342911436,Pakistan,Saudi Arabia,supportive
2097742700342911436,Pakistan,Turkiye,neutral-reporting
2097742700342911436,Saudi Arabia,Turkiye,neutral-reporting
2097742239338545479,Pakistan,Saudi Arabia,skeptical
2097742239338545479,Pakistan,Turkiye,skeptical
2097742239338545479,Saudi Arabia,Turkiye,skeptical
2097740953993855396,Pakistan,Saudi Arabia,neutral-reporting
2097740717682831494,Pakistan,Saudi Arabia,neutral-reporting
2097738937678926282,Pakistan,Saudi Arabia,neutral-reporting
2097738937678926282,Pakistan,Turkiye,neutral-reporting
2097738937678926282,Saudi Arabia,Turkiye,neutral-reporting
2097737955175723190,Pakistan,Saudi Arabia,neutral-reporting
2097737955175723190,Pakistan,Turkiye,neutral-reporting
2097737955175723190,Saudi Arabia,Turkiye,neutral-reporting
2097737095100162324,Pakistan,Saudi Arabia,skeptical
2097737095100162324,Pakistan,Iran,hostile
2097737095100162324,Saudi Arabia,Iran,unclear
2097735002834481544,Pakistan,Saudi Arabia,supportive
2097735002834481544,Pakistan,Turkiye,neutral-reporting
2097735002834481544,Saudi Arabia,Turkiye,neutral-reporting
2097734461479612564,Pakistan,Turkiye,neutral-reporting
2097734461479612564,Pakistan,United States,neutral-reporting
2097734461479612564,Turkiye,United States,neutral-reporting
2097727807732547612,Pakistan,Saudi Arabia,supportive
2097727807732547612,Iran,Pakistan,hostile
2097727807732547612,Iran,Saudi Arabia,hostile
2097727091756392893,Iran,Saudi Arabia,hostile
2097723597619933220,Pakistan,Saudi Arabia,skeptical
2097721642952589316,Pakistan,Saudi Arabia,skeptical
2097721642952589316,Iran,Saudi Arabia,hostile
2097721642952589316,Iran,Pakistan,unclear
2097718974851293379,Pakistan,Saudi Arabia,neutral-reporting
2097718974851293379,Pakistan,Turkiye,neutral-reporting
2097718974851293379,Iran,Pakistan,hostile
2097718372188160296,Iran,Turkiye,skeptical
2097718372188160296,Iran,Saudi Arabia,skeptical
2097718372188160296,Iran,Pakistan,skeptical
2097718372188160296,Turkiye,Saudi Arabia,skeptical
2097718372188160296,Turkiye,Pakistan,skeptical
2097718372188160296,Saudi Arabia,Pakistan,skeptical
2097717273091780685,Pakistan,Saudi Arabia,neutral-reporting
2097717273091780685,Pakistan,Turkiye,neutral-reporting
2097716434042495487,Pakistan,Saudi Arabia,supportive
2097716434042495487,Pakistan,Iran,skeptical
2097716434042495487,Saudi Arabia,Iran,hostile
2097714177351802939,Pakistan,Saudi Arabia,supportive
2097714177351802939,Pakistan,Iran,hostile
2097714177351802939,Saudi Arabia,Iran,hostile
2097713821645463876,Iran,Pakistan,hostile
2097713354043482162,Iran,Pakistan,skeptical
2097713354043482162,Iran,Saudi Arabia,hostile
2097713354043482162,Pakistan,Saudi Arabia,skeptical
2097701723871854718,Pakistan,Saudi Arabia,neutral-reporting
2097701722575745464,Iran,Turkiye,neutral-reporting
2097699860044726298,Pakistan,Saudi Arabia,hostile
2097671952932434020,Pakistan,Saudi Arabia,neutral-reporting
2097671952932434020,Pakistan,Turkiye,neutral-reporting
2097671952932434020,Saudi Arabia,Turkiye,neutral-reporting
2097671945118470491,Pakistan,Saudi Arabia,supportive
2097671945118470491,Pakistan,Iran,neutral-reporting
2097671945118470491,Pakistan,United States,neutral-reporting
2097671945118470491,Iran,United States,neutral-reporting
2097662461042131375,Pakistan,Saudi Arabia,supportive
2097662461042131375,Pakistan,Iran,hostile
2097662461042131375,Pakistan,United States,hostile
2097662461042131375,Iran,Saudi Arabia,hostile
2097662461042131375,Iran,United States,hostile
2097662461042131375,Saudi Arabia,United States,hostile
2097595276013797723,Pakistan,Saudi Arabia,supportive
2097595276013797723,Pakistan,Turkiye,skeptical
2097595276013797723,Saudi Arabia,Turkiye,skeptical
2097297275185934763,Iran,Saudi Arabia,hostile
2097297275185934763,Iran,United States,hostile
2097297275185934763,Pakistan,Saudi Arabia,neutral-reporting
2097297275185934763,Saudi Arabia,United States,skeptical
2097228527989088641,Pakistan,Saudi Arabia,neutral-reporting
2097228527989088641,Pakistan,Turkiye,neutral-reporting
2097228527989088641,Saudi Arabia,Turkiye,neutral-reporting
2097207610831155219,Iran,Saudi Arabia,hostile
2097207610831155219,Iran,United States,hostile
2097207610831155219,Saudi Arabia,United States,hostile
2097181762824945994,Pakistan,Saudi Arabia,supportive
2097181762824945994,Pakistan,Turkiye,supportive
2097181762824945994,Saudi Arabia,Turkiye,supportive
2097181544733376699,Iran,Pakistan,skeptical
2097181544733376699,Iran,Saudi Arabia,hostile
2097181544733376699,Iran,Turkiye,skeptical
2097181544733376699,Iran,United States,neutral-reporting
2097181544733376699,Pakistan,Saudi Arabia,skeptical
2097181544733376699,Pakistan,Turkiye,skeptical
2097181544733376699,Saudi Arabia,Turkiye,skeptical
2097181544733376699,Saudi Arabia,United States,skeptical
2097181544733376699,Turkiye,United States,neutral-reporting
2097175657939628405,Pakistan,Turkiye,skeptical
2097175657939628405,Saudi Arabia,Pakistan,skeptical
2097175657939628405,Saudi Arabia,Turkiye,skeptical
2097161081005519262,Saudi Arabia,United States,neutral-reporting
2097127089610604887,Saudi Arabia,United States,neutral-reporting
2097043271646425378,Saudi Arabia,Pakistan,neutral-reporting
2097043271646425378,Saudi Arabia,Turkiye,neutral-reporting
2097043271646425378,Pakistan,Turkiye,neutral-reporting
2097043271646425378,Pakistan,Iran,neutral-reporting
2097043271646425378,Saudi Arabia,Iran,neutral-reporting
2097043271646425378,Turkiye,Iran,neutral-reporting
2097043271646425378,Pakistan,United States,neutral-reporting
2097043271646425378,Saudi Arabia,United States,neutral-reporting
2097043271646425378,Turkiye,United States,neutral-reporting
2097029636752371955,Iran,Pakistan,neutral-reporting
2097029636752371955,Iran,Saudi Arabia,hostile
2097029636752371955,Iran,Turkiye,hostile
2097029636752371955,Iran,United States,hostile
2097029636752371955,Pakistan,Saudi Arabia,skeptical
2097029636752371955,Pakistan,Turkiye,skeptical
2097029636752371955,Pakistan,United States,skeptical
2097029636752371955,Saudi Arabia,Turkiye,skeptical
2097029636752371955,Saudi Arabia,United States,skeptical
2097029636752371955,Turkiye,United States,hostile
2096993155292028939,Pakistan,Saudi Arabia,neutral-reporting
2096993155292028939,Pakistan,Turkiye,neutral-reporting
2096993155292028939,Pakistan,United States,neutral-reporting
2096993155292028939,Saudi Arabia,Turkiye,neutral-reporting
2096993155292028939,Saudi Arabia,United States,neutral-reporting
2096993155292028939,Turkiye,United States,neutral-reporting
2096986691517181959,Iran,Saudi Arabia,neutral-reporting
2096986691517181959,Iran,United States,hostile
2096986691517181959,Saudi Arabia,United States,neutral-reporting
2096915129774317789,Pakistan,Turkiye,neutral-reporting
2096915129774317789,Pakistan,United States,neutral-reporting
2096915129774317789,Turkiye,United States,neutral-reporting
2096655139428041040,Iran,Pakistan,supportive
2096655139428041040,Pakistan,United States,supportive
2096655139428041040,Iran,United States,supportive
2096477301642809349,Iran,Pakistan,hostile
2096477301642809349,Pakistan,Saudi Arabia,hostile
2096477301642809349,Pakistan,United States,hostile
2096477301642809349,Iran,Saudi Arabia,hostile
2096477301642809349,Iran,United States,hostile
2096477301642809349,Saudi Arabia,United States,hostile
2097836669831376964,Pakistan,Saudi Arabia,neutral-reporting
2097836669831376964,Pakistan,Turkiye,neutral-reporting
2097836669831376964,Saudi Arabia,Turkiye,neutral-reporting
2097830681363804288,Pakistan,Saudi Arabia,skeptical
2097830681363804288,Pakistan,Turkiye,skeptical
2097830681363804288,Saudi Arabia,Turkiye,skeptical
2097829908722462796,Pakistan,Saudi Arabia,skeptical
2097826130791436652,Iran,Pakistan,hostile
2097826130791436652,Iran,Saudi Arabia,hostile
2097826130791436652,Iran,Turkiye,hostile
2097826130791436652,Pakistan,Saudi Arabia,supportive
2097826130791436652,Pakistan,Turkiye,supportive
2097826130791436652,Saudi Arabia,Turkiye,supportive
2097816972276994246,Pakistan,Saudi Arabia,supportive
2097816678205940084,Pakistan,Saudi Arabia,hostile
2097816678205940084,Pakistan,Turkiye,hostile
2097816678205940084,Saudi Arabia,Turkiye,hostile
2097815478370701513,Iran,Pakistan,hostile
2097815478370701513,Iran,Saudi Arabia,hostile
2097815478370701513,Iran,Turkiye,hostile
2097815478370701513,Pakistan,Saudi Arabia,supportive
2097815478370701513,Pakistan,Turkiye,supportive
2097815478370701513,Saudi Arabia,Turkiye,supportive
2097814859391877484,Pakistan,Saudi Arabia,neutral-reporting
2097809242635870584,Saudi Arabia,Turkiye,skeptical
2097809017905291601,Pakistan,Saudi Arabia,supportive
2097803793479893075,Iran,Pakistan,neutral-reporting
2097803793479893075,Iran,Turkiye,neutral-reporting
2097803793479893075,Pakistan,Turkiye,neutral-reporting
2097800853168251266,Iran,Pakistan,neutral-reporting
2097800853168251266,Iran,Saudi Arabia,neutral-reporting
2097800853168251266,Iran,Turkiye,neutral-reporting
2097800853168251266,Pakistan,Saudi Arabia,neutral-reporting
2097800853168251266,Pakistan,Turkiye,neutral-reporting
2097800853168251266,Saudi Arabia,Turkiye,neutral-reporting
2097800105021886750,Pakistan,Saudi Arabia,neutral-reporting
2097799551126053342,Saudi Arabia,Turkiye,neutral-reporting
2097751816087986180,Pakistan,Saudi Arabia,neutral-reporting
2097748082335330370,Pakistan,Saudi Arabia,skeptical
2097747585888895474,Pakistan,Saudi Arabia,neutral-reporting
2097744819561127999,Pakistan,Saudi Arabia,supportive
2097744094374027711,Pakistan,Saudi Arabia,skeptical
2097735587935789060,Pakistan,Saudi Arabia,supportive
2097734733874770175,Pakistan,Saudi Arabia,supportive
2097734047946662303,Pakistan,Saudi Arabia,neutral-reporting
2097732649859322346,Pakistan,Saudi Arabia,skeptical
2097727821577945148,Pakistan,Saudi Arabia,neutral-reporting
2097727334048731481,Pakistan,Saudi Arabia,neutral-reporting
2097723669585756653,Pakistan,Saudi Arabia,supportive
2097723669585756653,Pakistan,Turkiye,neutral-reporting
2097723669585756653,Saudi Arabia,Turkiye,neutral-reporting
2097722412607377900,Pakistan,Saudi Arabia,supportive
2097722412607377900,Pakistan,Turkiye,skeptical
2097722412607377900,Saudi Arabia,Turkiye,skeptical
2097722280227078147,Pakistan,Saudi Arabia,skeptical
2097716833742963061,Pakistan,Saudi Arabia,neutral-reporting
2097716094173950341,Pakistan,Saudi Arabia,skeptical
2097716094173950341,Pakistan,Turkiye,skeptical
2097716094173950341,Saudi Arabia,Turkiye,skeptical
2097714911233347922,Pakistan,Saudi Arabia,skeptical
2097714251901112681,Pakistan,Saudi Arabia,supportive
2097714251901112681,Pakistan,Turkiye,neutral-reporting
2097714251901112681,Saudi Arabia,Turkiye,neutral-reporting
2097714192925225383,Pakistan,Saudi Arabia,skeptical
2097710751561789555,Pakistan,Saudi Arabia,skeptical
2097710751561789555,Iran,Pakistan,unclear
2097710751561789555,Iran,Saudi Arabia,unclear
2097709211555713050,Pakistan,Saudi Arabia,skeptical
2097709211555713050,Pakistan,Turkiye,skeptical
2097709211555713050,Saudi Arabia,Turkiye,skeptical
2097708554035908796,Pakistan,Saudi Arabia,neutral-reporting
2097708554035908796,Pakistan,Turkiye,neutral-reporting
2097708554035908796,Saudi Arabia,Turkiye,neutral-reporting
2097706768822346160,Pakistan,Saudi Arabia,supportive
2097706768822346160,Pakistan,Turkiye,neutral-reporting
2097706768822346160,Saudi Arabia,Turkiye,neutral-reporting
2097704536039473571,Pakistan,Saudi Arabia,neutral-reporting
2097704536039473571,Pakistan,Turkiye,neutral-reporting
2097704536039473571,Saudi Arabia,Turkiye,neutral-reporting
2097704266836361539,Pakistan,Saudi Arabia,skeptical
2097704048992612446,Pakistan,Saudi Arabia,supportive
2097702427751522689,Pakistan,Saudi Arabia,skeptical
2097702179108946217,Pakistan,Turkiye,neutral-reporting
2097701781908431217,Pakistan,Saudi Arabia,supportive
2097701781908431217,Pakistan,Turkiye,neutral-reporting
2097701781908431217,Saudi Arabia,Turkiye,neutral-reporting
2097701568120586342,Pakistan,Saudi Arabia,supportive
2097701568120586342,Pakistan,Turkiye,neutral-reporting
2097701568120586342,Saudi Arabia,Turkiye,neutral-reporting
2097701355360072147,Pakistan,Turkiye,neutral-reporting
2097698874261446884,Pakistan,Saudi Arabia,supportive
2097698874261446884,Pakistan,Turkiye,neutral-reporting
2097698874261446884,Saudi Arabia,Turkiye,neutral-reporting
2097698733068616171,Pakistan,Turkiye,neutral-reporting
2097698598872027315,Pakistan,Saudi Arabia,neutral-reporting
2097697854869622968,Pakistan,Saudi Arabia,skeptical
2097697854869622968,Pakistan,Turkiye,neutral-reporting
2097697854869622968,Saudi Arabia,Turkiye,neutral-reporting
2097697676326482132,Pakistan,Saudi Arabia,neutral-reporting
2097697676326482132,Pakistan,Turkiye,neutral-reporting
2097697676326482132,Saudi Arabia,Turkiye,neutral-reporting
2097696435093254409,Iran,Pakistan,hostile
2097696435093254409,Iran,Saudi Arabia,hostile
2097696435093254409,Pakistan,Saudi Arabia,hostile
2097696290897273015,Iran,Pakistan,hostile
2097696290897273015,Iran,Saudi Arabia,hostile
2097696290897273015,Pakistan,Saudi Arabia,hostile
2097695696702841178,Iran,Pakistan,hostile
2097694949496025306,Pakistan,Saudi Arabia,supportive
2097694949496025306,Pakistan,Turkiye,neutral-reporting
2097694949496025306,Saudi Arabia,Turkiye,neutral-reporting
2097694701608468866,Pakistan,Saudi Arabia,supportive
2097694701608468866,Pakistan,Turkiye,neutral-reporting
2097694701608468866,Saudi Arabia,Turkiye,neutral-reporting
2097694700920525238,Pakistan,Saudi Arabia,supportive
2097694700920525238,Pakistan,Turkiye,neutral-reporting
2097694700920525238,Saudi Arabia,Turkiye,neutral-reporting
2097694534121509239,Pakistan,Saudi Arabia,supportive
2097694534121509239,Pakistan,Turkiye,neutral-reporting
2097694534121509239,Saudi Arabia,Turkiye,neutral-reporting
2097694523044356242,Pakistan,Saudi Arabia,supportive
2097694523044356242,Pakistan,Turkiye,supportive
2097694523044356242,Saudi Arabia,Turkiye,supportive
2097694526022340865,Pakistan,Saudi Arabia,supportive
2097694526022340865,Pakistan,Turkiye,neutral-reporting
2097694526022340865,Saudi Arabia,Turkiye,neutral-reporting
2097694318911754450,Iran,Pakistan,hostile
2097692775923732533,Pakistan,Saudi Arabia,hostile
2097692775923732533,Pakistan,Turkiye,skeptical
2097692775923732533,Saudi Arabia,Turkiye,skeptical
2097692493387284551,Iran,Pakistan,unclear
2097692493387284551,Iran,Saudi Arabia,unclear
2097692493387284551,Iran,Turkiye,unclear
2097692493387284551,Pakistan,Saudi Arabia,neutral-reporting
2097692493387284551,Pakistan,Turkiye,neutral-reporting
2097692493387284551,Saudi Arabia,Turkiye,neutral-reporting
2097691382190379097,Iran,Pakistan,neutral-reporting
2097691382190379097,Iran,Saudi Arabia,unclear
2097691382190379097,Pakistan,Saudi Arabia,neutral-reporting
2097690346796757148,Pakistan,Saudi Arabia,supportive
2097685587255787722,Pakistan,Saudi Arabia,supportive
2097685448168767554,Pakistan,Saudi Arabia,neutral-reporting
2097683091435229574,Pakistan,Saudi Arabia,neutral-reporting
2097683091435229574,Pakistan,Iran,skeptical
2097683091435229574,Saudi Arabia,Iran,hostile
2097682486319034687,Pakistan,Saudi Arabia,supportive
2097682486319034687,Pakistan,Turkiye,neutral-reporting
2097682486319034687,Saudi Arabia,Turkiye,neutral-reporting
2097680629966217527,Pakistan,Saudi Arabia,neutral-reporting
2097680629966217527,Pakistan,Turkiye,neutral-reporting
2097680629966217527,Saudi Arabia,Turkiye,neutral-reporting
2097679628781703425,Pakistan,Saudi Arabia,neutral-reporting
2097679628781703425,Pakistan,Turkiye,neutral-reporting
2097679628781703425,Saudi Arabia,Turkiye,neutral-reporting
2097678809566765404,Pakistan,Turkiye,skeptical
2097676268536037826,Pakistan,Saudi Arabia,hostile
2097676268536037826,Pakistan,Turkiye,hostile
2097676268536037826,Saudi Arabia,Turkiye,hostile
2097676268536037826,Iran,Saudi Arabia,hostile
2097675716397826332,Pakistan,Saudi Arabia,supportive
2097675716397826332,Pakistan,Turkiye,supportive
2097675716397826332,Saudi Arabia,Turkiye,supportive
2097675137516511628,Pakistan,Saudi Arabia,supportive
2097675137516511628,Pakistan,Turkiye,supportive
2097675137516511628,Saudi Arabia,Turkiye,supportive
2097674426368278737,Pakistan,Saudi Arabia,skeptical
2097674225167351824,Pakistan,Saudi Arabia,neutral-reporting
2097674225167351824,Pakistan,Turkiye,neutral-reporting
2097674225167351824,Saudi Arabia,Turkiye,neutral-reporting
2097673630607958315,Pakistan,Saudi Arabia,neutral-reporting
2097671958754124239,Iran,Pakistan,hostile
2097671775790243858,Pakistan,Saudi Arabia,skeptical
2097671775790243858,Pakistan,Turkiye,skeptical
2097671775790243858,Saudi Arabia,Turkiye,skeptical
2097671723600711855,Pakistan,Saudi Arabia,skeptical
2097671723600711855,Pakistan,Turkiye,skeptical
2097671723600711855,Saudi Arabia,Turkiye,skeptical
2097671465009058151,Pakistan,Saudi Arabia,neutral-reporting
2097671465009058151,Pakistan,Turkiye,neutral-reporting
2097671465009058151,Saudi Arabia,Turkiye,neutral-reporting
2097670795463934193,Pakistan,Saudi Arabia,supportive
2097669876861018601,Pakistan,Saudi Arabia,supportive
2097669828970758349,Iran,Pakistan,hostile
2097669828970758349,Iran,Turkiye,hostile
2097669828970758349,Pakistan,Turkiye,neutral-reporting
2097667711035736405,Pakistan,Saudi Arabia,supportive
2097667711035736405,Pakistan,Turkiye,neutral-reporting
2097667711035736405,Saudi Arabia,Turkiye,neutral-reporting
2097666921558872335,Pakistan,Saudi Arabia,neutral-reporting
2097666921558872335,Pakistan,Turkiye,neutral-reporting
2097666921558872335,Saudi Arabia,Turkiye,neutral-reporting
2097666359005966353,Pakistan,Saudi Arabia,neutral-reporting
2097666192123322708,Pakistan,Saudi Arabia,skeptical
2097664496445911142,Pakistan,Saudi Arabia,supportive
2097664496445911142,Pakistan,Turkiye,supportive
2097664496445911142,Saudi Arabia,Turkiye,supportive
2097663264121581607,Pakistan,Saudi Arabia,supportive
2097662219248926992,Pakistan,Saudi Arabia,supportive
2097662219248926992,Pakistan,Turkiye,neutral-reporting
2097662219248926992,Saudi Arabia,Turkiye,neutral-reporting
2097661530552635830,Pakistan,Saudi Arabia,skeptical
2097661530552635830,Pakistan,Turkiye,skeptical
2097661530552635830,Saudi Arabia,Turkiye,skeptical
2097660623257760188,Pakistan,Saudi Arabia,neutral-reporting
2097660623257760188,Pakistan,Turkiye,neutral-reporting
2097660623257760188,Saudi Arabia,Turkiye,neutral-reporting
2097658201596686481,Pakistan,Saudi Arabia,supportive
2097650977855705279,Pakistan,Saudi Arabia,supportive
2097649106743365911,Pakistan,Saudi Arabia,hostile
2097649106743365911,Pakistan,Turkiye,hostile
2097649106743365911,Saudi Arabia,Turkiye,hostile
2097647830349582518,Pakistan,Saudi Arabia,neutral-reporting
2097646991677567372,Pakistan,Saudi Arabia,neutral-reporting
2097646991677567372,Pakistan,Turkiye,neutral-reporting
2097646991677567372,Saudi Arabia,Turkiye,neutral-reporting
2097646796403343499,Pakistan,Saudi Arabia,neutral-reporting
2097646181002174594,Pakistan,Saudi Arabia,skeptical
2097645591077716410,Pakistan,Saudi Arabia,supportive
2097645477110136966,Pakistan,Saudi Arabia,supportive
2097645477110136966,Pakistan,Turkiye,supportive
2097645477110136966,Saudi Arabia,Turkiye,supportive
2097643853885186543,Pakistan,Saudi Arabia,supportive
2097643853885186543,Pakistan,Turkiye,neutral-reporting
2097643853885186543,Saudi Arabia,Turkiye,neutral-reporting
2097643777095774348,Pakistan,Saudi Arabia,supportive
2097643777095774348,Pakistan,Turkiye,neutral-reporting
2097643777095774348,Saudi Arabia,Turkiye,neutral-reporting
2097641918813638771,Pakistan,Saudi Arabia,supportive
2097641918813638771,Pakistan,Turkiye,neutral-reporting
2097641918813638771,Saudi Arabia,Turkiye,neutral-reporting
2097639961583603799,Pakistan,Saudi Arabia,skeptical
2097638767037489502,Pakistan,Saudi Arabia,supportive
2097638747017724371,Pakistan,Saudi Arabia,supportive
2097638747017724371,Pakistan,Turkiye,neutral-reporting
2097638747017724371,Saudi Arabia,Turkiye,neutral-reporting
2097638031624986662,Saudi Arabia,Turkiye,neutral-reporting
2097637687566176291,Pakistan,Saudi Arabia,skeptical
2097637687566176291,Iran,Saudi Arabia,hostile
2097637687566176291,Iran,Pakistan,hostile
2097637389292163266,Pakistan,Saudi Arabia,supportive
2097633626057850983,Pakistan,Turkiye,skeptical
2097633626057850983,Pakistan,Saudi Arabia,skeptical
2097633626057850983,Turkiye,Saudi Arabia,skeptical
2097631925083275385,Pakistan,Saudi Arabia,neutral-reporting
2097627850811576441,Pakistan,Saudi Arabia,supportive
2097627850811576441,Pakistan,Turkiye,neutral-reporting
2097627850811576441,Saudi Arabia,Turkiye,neutral-reporting
2097627337097458069,Pakistan,Saudi Arabia,supportive
2097623706139086956,Pakistan,Saudi Arabia,hostile
2097623706139086956,Pakistan,Turkiye,hostile
2097623706139086956,Saudi Arabia,Turkiye,hostile
2097623169037410326,Pakistan,Turkiye,skeptical
2097620578123333916,Iran,Saudi Arabia,skeptical
2097620578123333916,Iran,Turkiye,skeptical
2097620578123333916,Saudi Arabia,Turkiye,neutral-reporting
2097612076722073884,Pakistan,Saudi Arabia,skeptical
2097612062352687328,Pakistan,Saudi Arabia,supportive
2097612057365332248,Pakistan,Saudi Arabia,supportive
2097612057365332248,Pakistan,Turkiye,neutral-reporting
2097612057365332248,Saudi Arabia,Turkiye,neutral-reporting
2097611374168031495,Pakistan,Saudi Arabia,supportive
2097611329251275165,Pakistan,Saudi Arabia,supportive
2097611030096498734,Pakistan,Saudi Arabia,neutral-reporting
2097611030096498734,Pakistan,Turkiye,neutral-reporting
2097611030096498734,Saudi Arabia,Turkiye,neutral-reporting
2097610124508778944,Pakistan,Saudi Arabia,supportive
2097610124508778944,Pakistan,Turkiye,skeptical
2097610124508778944,Saudi Arabia,Turkiye,skeptical
2097607895462338896,Pakistan,Saudi Arabia,supportive
2097607891083842025,Pakistan,Saudi Arabia,supportive
2097597911068762346,Pakistan,Saudi Arabia,neutral-reporting
2097596811527512172,Saudi Arabia,Pakistan,neutral-reporting
2097596811527512172,Saudi Arabia,Turkiye,neutral-reporting
2097596811527512172,Pakistan,Turkiye,neutral-reporting
2097596811527512172,Iran,Saudi Arabia,hostile
2097596811527512172,Iran,Pakistan,hostile
2097596811527512172,Iran,Turkiye,hostile
2097595886788345914,Pakistan,Saudi Arabia,neutral-reporting
2097593203809833424,Saudi Arabia,Turkiye,neutral-reporting
2097590709423399065,Pakistan,Saudi Arabia,supportive
2097590709423399065,Pakistan,Turkiye,skeptical
2097590709423399065,Saudi Arabia,Turkiye,skeptical
2097589033652064564,Pakistan,Saudi Arabia,supportive
2097589033652064564,Pakistan,Turkiye,neutral-reporting
2097589033652064564,Saudi Arabia,Turkiye,neutral-reporting
2097584629578440747,Iran,Turkiye,skeptical
2097583872821416354,Pakistan,Saudi Arabia,neutral-reporting
2097580229623734688,Pakistan,Iran,neutral-reporting
2097579430378189086,Pakistan,Saudi Arabia,skeptical
2097579430378189086,Pakistan,Turkiye,skeptical
2097579430378189086,Saudi Arabia,Turkiye,skeptical
2097575597836993007,Pakistan,Saudi Arabia,skeptical
2097575597836993007,Pakistan,Turkiye,skeptical
2097575597836993007,Saudi Arabia,Turkiye,skeptical
2097575036689252848,Pakistan,Saudi Arabia,supportive
2097574664889634843,Pakistan,Saudi Arabia,supportive
2097573196790956330,Pakistan,Saudi Arabia,supportive
2097572457393877124,Pakistan,Saudi Arabia,neutral-reporting
2097572457393877124,Pakistan,Turkiye,neutral-reporting
2097572457393877124,Saudi Arabia,Turkiye,neutral-reporting
2097570785649189122,Pakistan,Saudi Arabia,supportive
2097568836635795874,Pakistan,Saudi Arabia,supportive
2097568836635795874,Pakistan,Turkiye,supportive
2097568836635795874,Saudi Arabia,Turkiye,supportive
2097568596092440914,Iran,Saudi Arabia,hostile
2097568596092440914,Pakistan,Saudi Arabia,skeptical
2097568596092440914,Pakistan,Turkiye,skeptical
2097568596092440914,Saudi Arabia,Turkiye,skeptical
2097566057829732854,Pakistan,Saudi Arabia,hostile
2097564749932474459,Pakistan,Saudi Arabia,skeptical
2097564749932474459,Pakistan,Turkiye,skeptical
2097564749932474459,Saudi Arabia,Turkiye,skeptical
2097564280577286156,Pakistan,Saudi Arabia,skeptical
2097564007414821301,Pakistan,Saudi Arabia,skeptical
2097562503777845326,Pakistan,Saudi Arabia,neutral-reporting
2097562025467494876,Pakistan,Saudi Arabia,skeptical
2097561681685893174,Pakistan,Saudi Arabia,supportive
2097561681685893174,Pakistan,Turkiye,supportive
2097561681685893174,Saudi Arabia,Turkiye,supportive
2097557729128911212,Pakistan,Saudi Arabia,supportive
2097557729128911212,Pakistan,Turkiye,neutral-reporting
2097557729128911212,Saudi Arabia,Turkiye,neutral-reporting
2097552204513370263,Pakistan,Saudi Arabia,supportive
2097550640339681696,Saudi Arabia,Pakistan,skeptical
2097550640339681696,Pakistan,Iran,neutral-reporting
2097550640339681696,Saudi Arabia,Iran,neutral-reporting
2097549420955156928,Saudi Arabia,Pakistan,hostile
2097549184400576993,Iran,Pakistan,hostile
2097548711274704913,Pakistan,Saudi Arabia,neutral-reporting
2097548711274704913,Pakistan,Turkiye,neutral-reporting
2097548711274704913,Saudi Arabia,Turkiye,neutral-reporting
2097547511447876085,Pakistan,Saudi Arabia,supportive
2097546630606016935,Iran,Saudi Arabia,hostile
2097546630606016935,Pakistan,Saudi Arabia,skeptical
2097546370345480406,Iran,Saudi Arabia,skeptical
2097546015352275338,Pakistan,Saudi Arabia,neutral-reporting
2097544833972031622,Iran,Turkiye,neutral-reporting
2097540930966605964,Iran,Saudi Arabia,hostile
2097540930966605964,Iran,Pakistan,hostile
2097540930966605964,Iran,Turkiye,hostile
2097540930966605964,Saudi Arabia,Pakistan,skeptical
2097540930966605964,Saudi Arabia,Turkiye,skeptical
2097540930966605964,Pakistan,Turkiye,skeptical
2097538248419750347,Pakistan,Turkiye,supportive
2097537450059178117,Iran,Saudi Arabia,hostile
2097536276891349154,Iran,Pakistan,skeptical
2097536276891349154,Iran,Saudi Arabia,skeptical
2097536276891349154,Pakistan,Saudi Arabia,neutral-reporting
2097529049388310885,Pakistan,Saudi Arabia,skeptical
2097528581060800878,Pakistan,Saudi Arabia,supportive
2097528581060800878,Pakistan,Turkiye,supportive
2097528581060800878,Saudi Arabia,Turkiye,supportive
2097527023174627670,Saudi Arabia,Turkiye,neutral-reporting
2097526674292371949,Pakistan,Saudi Arabia,neutral-reporting
2097526674292371949,Pakistan,Turkiye,neutral-reporting
2097526674292371949,Saudi Arabia,Turkiye,neutral-reporting
2097521895851905108,Pakistan,Saudi Arabia,skeptical
2097521895851905108,Pakistan,Turkiye,skeptical
2097521895851905108,Saudi Arabia,Turkiye,skeptical
2097517560455626780,Iran,Pakistan,hostile
2097517560455626780,Iran,Saudi Arabia,hostile
2097517560455626780,Pakistan,Saudi Arabia,neutral-reporting
2097516592909447264,Pakistan,Saudi Arabia,neutral-reporting
2097516592909447264,Pakistan,Turkiye,neutral-reporting
2097516592909447264,Saudi Arabia,Turkiye,neutral-reporting
2097515291957666038,Iran,Pakistan,hostile
2097514495413239822,Pakistan,Saudi Arabia,skeptical
2097514495413239822,Pakistan,Turkiye,neutral-reporting
2097514495413239822,Saudi Arabia,Turkiye,skeptical
2097510975775908017,Saudi Arabia,Turkiye,skeptical
2097509007258783968,Iran,Pakistan,hostile
2097509007258783968,Iran,Saudi Arabia,hostile
2097509007258783968,Iran,Turkiye,hostile
2097509007258783968,Pakistan,Saudi Arabia,supportive
2097509007258783968,Pakistan,Turkiye,neutral-reporting
2097509007258783968,Saudi Arabia,Turkiye,supportive
2097508871493583332,Pakistan,Saudi Arabia,skeptical
2097506364926873829,Pakistan,Saudi Arabia,hostile
2097504708382347761,Pakistan,Saudi Arabia,hostile
2097499983570506205,Pakistan,Saudi Arabia,supportive
2097499983570506205,Pakistan,Turkiye,supportive
2097499983570506205,Saudi Arabia,Turkiye,supportive
2097499839059890594,Pakistan,Saudi Arabia,supportive
2097499436767428906,Pakistan,Saudi Arabia,skeptical
2097499436767428906,Pakistan,Turkiye,skeptical
2097499436767428906,Saudi Arabia,Turkiye,skeptical
2097494936023150976,Pakistan,Saudi Arabia,skeptical
2097492805925163254,Pakistan,Saudi Arabia,skeptical
2097484282738753902,Pakistan,Saudi Arabia,supportive
2097484282738753902,Pakistan,Turkiye,supportive
2097484282738753902,Saudi Arabia,Turkiye,supportive
2097463603553304855,Iran,Saudi Arabia,hostile
2097457943947919370,Iran,Saudi Arabia,hostile
2097457943947919370,Pakistan,Saudi Arabia,hostile
2097457943947919370,Iran,Pakistan,unclear
2097445164965060985,Saudi Arabia,Turkiye,supportive
2097445164965060985,Saudi Arabia,Pakistan,supportive
2097445164965060985,Turkiye,Pakistan,supportive
2097445164965060985,Iran,Saudi Arabia,hostile
2097437488839286947,Saudi Arabia,Turkiye,supportive
2097437488839286947,Saudi Arabia,Pakistan,supportive
2097437488839286947,Turkiye,Pakistan,supportive
2097437488839286947,Iran,Saudi Arabia,hostile
2097383934208479249,Iran,Saudi Arabia,unclear
2097378514941145146,Iran,Saudi Arabia,hostile
2097378514941145146,Pakistan,Saudi Arabia,skeptical
2097378514941145146,Pakistan,Turkiye,neutral-reporting
2097378514941145146,Saudi Arabia,Turkiye,neutral-reporting
2097368970093371749,Iran,Saudi Arabia,unclear
2097368970093371749,Iran,Turkiye,unclear
2097367779821474013,Pakistan,Turkiye,supportive
2097366841987604567,Pakistan,Saudi Arabia,skeptical
2097358047404597408,Iran,Saudi Arabia,neutral-reporting
2097352524466413626,Saudi Arabia,Turkiye,supportive
2097352524466413626,Saudi Arabia,Pakistan,supportive
2097352524466413626,Turkiye,Pakistan,supportive
2097352524466413626,Iran,Saudi Arabia,hostile
2097352524466413626,Iran,Turkiye,hostile
2097352524466413626,Iran,Pakistan,hostile
2097349091005202484,Iran,Pakistan,hostile
2097349091005202484,Iran,Saudi Arabia,hostile
2097349091005202484,Pakistan,Saudi Arabia,skeptical
2097345898556833992,Iran,Pakistan,hostile
2097345898556833992,Iran,Saudi Arabia,hostile
2097345898556833992,Pakistan,Saudi Arabia,supportive
2097341355890708687,Iran,Saudi Arabia,hostile
2097336747642560854,Iran,Pakistan,hostile
2097336747642560854,Iran,Saudi Arabia,hostile
2097336747642560854,Iran,Turkiye,unclear
2097336747642560854,Pakistan,Saudi Arabia,skeptical
2097336747642560854,Pakistan,Turkiye,skeptical
2097336747642560854,Saudi Arabia,Turkiye,skeptical
2097325314104000842,Iran,Saudi Arabia,hostile
2097323747191730215,Iran,Turkiye,skeptical
2097322619104366819,Iran,Pakistan,neutral-reporting
2097322619104366819,Iran,Saudi Arabia,neutral-reporting
2097322619104366819,Pakistan,Saudi Arabia,neutral-reporting
2097320754761355613,Iran,Pakistan,neutral-reporting
2097320754761355613,Iran,Saudi Arabia,neutral-reporting
2097320754761355613,Iran,Turkiye,neutral-reporting
2097320754761355613,Pakistan,Saudi Arabia,skeptical
2097320754761355613,Pakistan,Turkiye,skeptical
2097320754761355613,Saudi Arabia,Turkiye,skeptical
2097316312431395228,Iran,Pakistan,hostile
2097316312431395228,Iran,Saudi Arabia,hostile
2097316312431395228,Iran,Turkiye,hostile
2097316312431395228,Pakistan,Saudi Arabia,hostile
2097316312431395228,Pakistan,Turkiye,hostile
2097316312431395228,Saudi Arabia,Turkiye,hostile
2097313837938786694,Iran,Pakistan,skeptical
2097313837938786694,Iran,Saudi Arabia,hostile
2097313837938786694,Pakistan,Saudi Arabia,skeptical
2097312452043997465,Iran,Pakistan,skeptical
2097305740931387476,Iran,Pakistan,skeptical
2097291070744793251,Iran,Saudi Arabia,hostile
2097287031395144035,Iran,Saudi Arabia,hostile
2097286236126040476,Iran,Pakistan,neutral-reporting
2097286236126040476,Iran,Saudi Arabia,hostile
2097286236126040476,Pakistan,Saudi Arabia,skeptical
2097285363651727848,Iran,Pakistan,supportive
2097285363651727848,Iran,Turkiye,supportive
2097285363651727848,Pakistan,Turkiye,neutral-reporting
2097281411489423633,Saudi Arabia,Pakistan,skeptical
2097281411489423633,Saudi Arabia,Turkiye,skeptical
2097281411489423633,Pakistan,Iran,neutral-reporting
2097281411489423633,Pakistan,Turkiye,neutral-reporting
2097281411489423633,Iran,Saudi Arabia,hostile
2097281411489423633,Iran,Turkiye,neutral-reporting
2097277177091989648,Iran,Saudi Arabia,hostile
2097277177091989648,Iran,Pakistan,skeptical
2097277177091989648,Iran,Turkiye,skeptical
2097277177091989648,Pakistan,Saudi Arabia,skeptical
2097277177091989648,Pakistan,Turkiye,neutral-reporting
2097277177091989648,Saudi Arabia,Turkiye,skeptical
2097275272126943566,Iran,Pakistan,skeptical
2097275272126943566,Iran,Saudi Arabia,hostile
2097275272126943566,Pakistan,Saudi Arabia,skeptical
2097252984359113103,Iran,Pakistan,hostile
2097252984359113103,Iran,Saudi Arabia,hostile
2097252984359113103,Pakistan,Saudi Arabia,skeptical
2097245918064202166,Iran,Pakistan,hostile
2097245918064202166,Iran,Saudi Arabia,hostile
2097245918064202166,Pakistan,Saudi Arabia,skeptical
2097241820195688935,Iran,Saudi Arabia,hostile
2097226803127496889,Iran,Saudi Arabia,hostile
2097218672137757179,Iran,Saudi Arabia,hostile
2097201069587587102,Iran,Saudi Arabia,hostile
2097189027514311036,Iran,Saudi Arabia,hostile
2097189027514311036,Pakistan,Saudi Arabia,hostile
2097189027514311036,Turkiye,Saudi Arabia,hostile
2097189027514311036,Pakistan,Turkiye,neutral-reporting
2097184154094112922,Iran,Saudi Arabia,hostile
2097184154094112922,Pakistan,Saudi Arabia,skeptical
2097184154094112922,Turkiye,Saudi Arabia,skeptical
2097184154094112922,Pakistan,Turkiye,neutral-reporting
2097157091907760200,Iran,Saudi Arabia,hostile
2097157091907760200,Saudi Arabia,Turkiye,neutral-reporting
2097157091907760200,Saudi Arabia,Pakistan,neutral-reporting
2097157091907760200,Turkiye,Pakistan,neutral-reporting
2097155962440208663,Iran,Turkiye,neutral-reporting
2097135360572874972,Iran,Saudi Arabia,hostile
2097128335725719777,Iran,Saudi Arabia,hostile
2097128335725719777,Iran,Pakistan,hostile
2097128335725719777,Iran,Turkiye,hostile
2097128335725719777,Pakistan,Saudi Arabia,supportive
2097128335725719777,Pakistan,Turkiye,supportive
2097128335725719777,Saudi Arabia,Turkiye,supportive
2097049319593680983,Iran,Saudi Arabia,hostile
2097049319593680983,Iran,Turkiye,hostile
2097049319593680983,Saudi Arabia,Turkiye,neutral-reporting
2097030379458990278,Iran,Pakistan,neutral-reporting
2097030379458990278,Iran,Saudi Arabia,neutral-reporting
2097030379458990278,Iran,Turkiye,neutral-reporting
2097030379458990278,Pakistan,Saudi Arabia,neutral-reporting
2097030379458990278,Pakistan,Turkiye,neutral-reporting
2097030379458990278,Saudi Arabia,Turkiye,neutral-reporting
2096991134698688611,Iran,Saudi Arabia,hostile
2096991134698688611,Pakistan,Saudi Arabia,skeptical
2096991134698688611,Turkiye,Saudi Arabia,skeptical
2096991134698688611,Pakistan,Turkiye,skeptical
2096988614697877563,Iran,Pakistan,neutral-reporting
2096988614697877563,Iran,Turkiye,neutral-reporting
2096988614697877563,Pakistan,Turkiye,neutral-reporting
2096970945869275486,Iran,Pakistan,neutral-reporting
2096970945869275486,Iran,Saudi Arabia,neutral-reporting
2096970945869275486,Iran,Turkiye,neutral-reporting
2096970945869275486,Pakistan,Saudi Arabia,neutral-reporting
2096970945869275486,Pakistan,Turkiye,neutral-reporting
2096970945869275486,Saudi Arabia,Turkiye,neutral-reporting
2096967879409521098,Iran,Pakistan,hostile
2096967879409521098,Iran,Saudi Arabia,hostile
2096967879409521098,Iran,Turkiye,hostile
2096967879409521098,Pakistan,Saudi Arabia,neutral-reporting
2096967879409521098,Pakistan,Turkiye,neutral-reporting
2096967879409521098,Saudi Arabia,Turkiye,neutral-reporting
2096942071722729908,Iran,Pakistan,neutral-reporting
2096942071722729908,Iran,Saudi Arabia,neutral-reporting
2096942071722729908,Iran,Turkiye,neutral-reporting
2096942071722729908,Pakistan,Saudi Arabia,neutral-reporting
2096942071722729908,Pakistan,Turkiye,neutral-reporting
2096942071722729908,Saudi Arabia,Turkiye,neutral-reporting
2096938711653011652,Iran,Pakistan,neutral-reporting
2096938711653011652,Iran,Saudi Arabia,neutral-reporting
2096938711653011652,Iran,Turkiye,neutral-reporting
2096938711653011652,Pakistan,Saudi Arabia,neutral-reporting
2096938711653011652,Pakistan,Turkiye,neutral-reporting
2096938711653011652,Saudi Arabia,Turkiye,neutral-reporting
2096935454025326983,Pakistan,Saudi Arabia,neutral-reporting
2096935454025326983,Pakistan,Turkiye,neutral-reporting
2096935454025326983,Saudi Arabia,Turkiye,neutral-reporting
2096932869021020378,Iran,Pakistan,unclear
2096932869021020378,Iran,Saudi Arabia,unclear
2096932869021020378,Iran,Turkiye,unclear
2096932869021020378,Pakistan,Saudi Arabia,neutral-reporting
2096932869021020378,Pakistan,Turkiye,neutral-reporting
2096932869021020378,Saudi Arabia,Turkiye,neutral-reporting
2096924442001858885,Iran,Pakistan,skeptical
2096924442001858885,Iran,Saudi Arabia,hostile
2096924442001858885,Iran,Turkiye,skeptical
2096924442001858885,Pakistan,Saudi Arabia,skeptical
2096924442001858885,Pakistan,Turkiye,skeptical
2096924442001858885,Saudi Arabia,Turkiye,skeptical
2096908853954707737,Iran,Saudi Arabia,hostile
2096750951482716329,Iran,Turkiye,neutral-reporting
2096664758485176389,Iran,Saudi Arabia,hostile
2096620882521112678,Pakistan,Saudi Arabia,skeptical
2096620882521112678,Iran,Saudi Arabia,hostile
2096593152799015010,Iran,Pakistan,unclear
2096593152799015010,Iran,Saudi Arabia,unclear
2096593152799015010,Iran,Turkiye,unclear
2096593152799015010,Pakistan,Saudi Arabia,unclear
2096593152799015010,Pakistan,Turkiye,unclear
2096593152799015010,Saudi Arabia,Turkiye,neutral-reporting
2096541365635350945,Pakistan,Saudi Arabia,neutral-reporting
2096541365635350945,Pakistan,Turkiye,neutral-reporting
2096541365635350945,Saudi Arabia,Turkiye,neutral-reporting
2096451111649464634,Iran,Pakistan,skeptical
2096451111649464634,Iran,Saudi Arabia,skeptical
2096451111649464634,Pakistan,Saudi Arabia,skeptical
2096451111649464634,Iran,Turkiye,skeptical
2096451111649464634,Pakistan,Turkiye,skeptical
2096451111649464634,Saudi Arabia,Turkiye,skeptical
2096230336493498761,Iran,United States,hostile
2096230336493498761,Iran,Turkiye,neutral-reporting
2096230336493498761,Turkiye,United States,unclear
2096221359923741148,Iran,Pakistan,hostile
2096221359923741148,Iran,Saudi Arabia,hostile
2096221359923741148,Iran,Turkiye,hostile
2096221359923741148,Pakistan,Saudi Arabia,supportive
2096221359923741148,Pakistan,Turkiye,supportive
2096221359923741148,Saudi Arabia,Turkiye,supportive
2095994698129092714,Iran,Pakistan,neutral-reporting
2095994698129092714,Iran,Turkiye,neutral-reporting
2095994698129092714,Pakistan,Turkiye,neutral-reporting
2095981424767541456,Iran,Turkiye,hostile
2098137405115244810,Pakistan,Saudi Arabia,neutral-reporting
2098137405115244810,Pakistan,Turkiye,neutral-reporting
2098137405115244810,Saudi Arabia,Turkiye,neutral-reporting
2098135214790717845,Iran,Pakistan,hostile
2098135214790717845,Iran,Saudi Arabia,hostile
2098135214790717845,Pakistan,Saudi Arabia,supportive
2098133992851845244,Pakistan,Saudi Arabia,hostile
2098133233913491502,Pakistan,Saudi Arabia,skeptical
2098133233913491502,Pakistan,Iran,neutral-reporting
2098133233913491502,Saudi Arabia,Iran,neutral-reporting
2098132571280593175,Pakistan,Saudi Arabia,skeptical
2098132369350029423,Pakistan,Saudi Arabia,neutral-reporting
2098132369350029423,Pakistan,Turkiye,neutral-reporting
2098132369350029423,Saudi Arabia,Turkiye,neutral-reporting
2098132369350029423,Iran,Pakistan,hostile
2098132369350029423,Iran,Saudi Arabia,hostile
2098132369350029423,Iran,Turkiye,unclear
2098130842505887752,Pakistan,Saudi Arabia,skeptical
2098130762046603456,Pakistan,Saudi Arabia,skeptical
2098130762046603456,Pakistan,Turkiye,skeptical
2098130762046603456,Saudi Arabia,Turkiye,skeptical
2098130419095118046,Pakistan,Saudi Arabia,skeptical
2098127996678971436,Saudi Arabia,Turkiye,neutral-reporting
2098127881172029686,Pakistan,Saudi Arabia,neutral-reporting
2098127481509404847,Pakistan,Saudi Arabia,skeptical
2098127426400469139,Saudi Arabia,Turkiye,hostile
2098127022220353896,Iran,Saudi Arabia,neutral-reporting
2098125716558577978,Pakistan,Saudi Arabia,neutral-reporting
2098123891956715829,Pakistan,Saudi Arabia,skeptical
2098123891956715829,Pakistan,Turkiye,skeptical
2098123891956715829,Saudi Arabia,Turkiye,neutral-reporting
2098123873262674146,Pakistan,Saudi Arabia,skeptical
2098123698209227167,Pakistan,Saudi Arabia,skeptical
2098123698209227167,Pakistan,Turkiye,skeptical
2098123698209227167,Saudi Arabia,Turkiye,neutral-reporting
2098121439727489272,Pakistan,Saudi Arabia,skeptical
2098121439727489272,Pakistan,Turkiye,skeptical
2098121439727489272,Saudi Arabia,Turkiye,skeptical
2098121295661511150,Pakistan,Saudi Arabia,skeptical
2098121295661511150,Pakistan,Turkiye,skeptical
2098121295661511150,Saudi Arabia,Turkiye,skeptical
2098120840684474743,Pakistan,Saudi Arabia,skeptical
2098120840684474743,Pakistan,Turkiye,skeptical
2098120840684474743,Saudi Arabia,Turkiye,skeptical
2098120636967112994,Pakistan,Saudi Arabia,skeptical
2098120636967112994,Pakistan,Turkiye,skeptical
2098120636967112994,Saudi Arabia,Turkiye,skeptical
2098119341124485235,Iran,Saudi Arabia,hostile
2098119341124485235,Iran,Turkiye,hostile
2098119341124485235,Saudi Arabia,Turkiye,neutral-reporting
2098119207187595744,Pakistan,Saudi Arabia,neutral-reporting
2098119207187595744,Pakistan,Turkiye,neutral-reporting
2098119207187595744,Saudi Arabia,Turkiye,neutral-reporting
2098119193820316129,Pakistan,Saudi Arabia,skeptical
2098119193820316129,Pakistan,Turkiye,skeptical
2098119193820316129,Saudi Arabia,Turkiye,skeptical
2098116872302428431,Pakistan,Saudi Arabia,neutral-reporting
2098116872302428431,Pakistan,Turkiye,neutral-reporting
2098116872302428431,Saudi Arabia,Turkiye,neutral-reporting
2098116102320493048,Pakistan,Saudi Arabia,neutral-reporting
2098116045307302158,Pakistan,Saudi Arabia,neutral-reporting
2098116045307302158,Pakistan,Turkiye,neutral-reporting
2098116045307302158,Saudi Arabia,Turkiye,neutral-reporting
2098114844033536356,Pakistan,Saudi Arabia,skeptical
2098114844033536356,Pakistan,Turkiye,neutral-reporting
2098114844033536356,Saudi Arabia,Turkiye,neutral-reporting
2098114720150503537,Iran,Pakistan,supportive
2098114720150503537,Iran,Saudi Arabia,skeptical
2098114720150503537,Iran,Turkiye,supportive
2098114720150503537,Iran,United States,hostile
2098114720150503537,Pakistan,Saudi Arabia,neutral-reporting
2098114720150503537,Pakistan,Turkiye,neutral-reporting
2098114720150503537,Pakistan,United States,hostile
2098114720150503537,Saudi Arabia,Turkiye,neutral-reporting
2098114720150503537,Saudi Arabia,United States,skeptical
2098114720150503537,Turkiye,United States,hostile
2098113878567592018,Pakistan,Saudi Arabia,skeptical
2098113325716365563,Pakistan,Saudi Arabia,neutral-reporting
2098113325716365563,Pakistan,Turkiye,neutral-reporting
2098113325716365563,Saudi Arabia,Turkiye,neutral-reporting
2098111327902273922,Pakistan,Saudi Arabia,hostile
2098108887685882322,Pakistan,Saudi Arabia,hostile
2098108621628596436,Pakistan,Iran,skeptical
2098108621628596436,Pakistan,Saudi Arabia,skeptical
2098108621628596436,Pakistan,Turkiye,skeptical
2098108621628596436,Saudi Arabia,Iran,skeptical
2098108621628596436,Saudi Arabia,Turkiye,skeptical
2098108621628596436,Turkiye,Iran,skeptical
2098107483885822052,Pakistan,Saudi Arabia,supportive
2098107483885822052,Pakistan,Turkiye,neutral-reporting
2098107483885822052,Saudi Arabia,Turkiye,neutral-reporting
2098106918900482140,Pakistan,Saudi Arabia,supportive
2098106918900482140,Pakistan,Turkiye,neutral-reporting
2098106918900482140,Saudi Arabia,Turkiye,neutral-reporting
2098106407157698860,Pakistan,Iran,skeptical
2098106407157698860,Pakistan,Saudi Arabia,skeptical
2098106407157698860,Pakistan,Turkiye,skeptical
2098106407157698860,Saudi Arabia,Iran,skeptical
2098106407157698860,Saudi Arabia,Turkiye,skeptical
2098106407157698860,Iran,Turkiye,skeptical
2098106376509898959,Pakistan,Saudi Arabia,supportive
2098106376509898959,Pakistan,Turkiye,supportive
2098106376509898959,Saudi Arabia,Turkiye,supportive
2098104871937544441,Pakistan,Saudi Arabia,skeptical
2098104871937544441,Pakistan,Turkiye,skeptical
2098104871937544441,Saudi Arabia,Turkiye,skeptical
2098104485788934549,Iran,Pakistan,skeptical
2098104485788934549,Iran,Saudi Arabia,skeptical
2098104485788934549,Iran,Turkiye,skeptical
2098104485788934549,Pakistan,Saudi Arabia,skeptical
2098104485788934549,Pakistan,Turkiye,skeptical
2098104485788934549,Saudi Arabia,Turkiye,skeptical
2098104217089315060,Pakistan,Iran,skeptical
2098104217089315060,Pakistan,Saudi Arabia,skeptical
2098104217089315060,Pakistan,Turkiye,skeptical
2098104217089315060,Iran,Saudi Arabia,skeptical
2098104217089315060,Iran,Turkiye,skeptical
2098104217089315060,Saudi Arabia,Turkiye,skeptical
2098103669766095330,Pakistan,Iran,skeptical
2098103669766095330,Pakistan,Saudi Arabia,skeptical
2098103669766095330,Pakistan,Turkiye,skeptical
2098103669766095330,Iran,Saudi Arabia,skeptical
2098103669766095330,Iran,Turkiye,skeptical
2098103669766095330,Saudi Arabia,Turkiye,skeptical
2098103347312218407,Saudi Arabia,Turkiye,neutral-reporting
2098102856138346548,Pakistan,Saudi Arabia,skeptical
2098102856138346548,Pakistan,Turkiye,skeptical
2098102856138346548,Saudi Arabia,Turkiye,skeptical
2098102252187627725,Iran,Pakistan,hostile
2098102252187627725,Iran,Saudi Arabia,hostile
2098102252187627725,Iran,Turkiye,hostile
2098102252187627725,Pakistan,Saudi Arabia,skeptical
2098102252187627725,Pakistan,Turkiye,skeptical
2098102252187627725,Saudi Arabia,Turkiye,neutral-reporting
2098100977803125048,Iran,Pakistan,skeptical
2098100977803125048,Iran,Saudi Arabia,skeptical
2098100977803125048,Iran,Turkiye,skeptical
2098100977803125048,Pakistan,Saudi Arabia,skeptical
2098100977803125048,Pakistan,Turkiye,skeptical
2098100977803125048,Saudi Arabia,Turkiye,skeptical
2098097892821172515,Pakistan,Saudi Arabia,skeptical
2098097892821172515,Pakistan,Turkiye,skeptical
2098097892821172515,Saudi Arabia,Turkiye,skeptical
2098097536712192065,Saudi Arabia,Turkiye,neutral-reporting
2098095849729650946,Pakistan,Saudi Arabia,skeptical
2098095849729650946,Pakistan,Turkiye,skeptical
2098095849729650946,Saudi Arabia,Turkiye,skeptical
2098095275776815543,Pakistan,Saudi Arabia,supportive
2098095275776815543,Pakistan,Turkiye,neutral-reporting
2098095275776815543,Saudi Arabia,Turkiye,supportive
2098095101801345529,Pakistan,Saudi Arabia,skeptical
2098095101801345529,Pakistan,Turkiye,neutral-reporting
2098095101801345529,Pakistan,United States,hostile
2098095101801345529,Saudi Arabia,Turkiye,neutral-reporting
2098095101801345529,Saudi Arabia,United States,hostile
2098095101801345529,Turkiye,United States,hostile
2098094652671103271,Iran,Saudi Arabia,hostile
2098093963567677506,Iran,Saudi Arabia,hostile
2098092597231428035,Pakistan,Saudi Arabia,neutral-reporting
2098092597231428035,Pakistan,Turkiye,neutral-reporting
2098092597231428035,Saudi Arabia,Turkiye,supportive
2098089137911849290,Pakistan,Saudi Arabia,supportive
2098089137911849290,Pakistan,Turkiye,neutral-reporting
2098089137911849290,Saudi Arabia,Turkiye,supportive
2098087442708611275,Saudi Arabia,United States,neutral-reporting
2098086600773103631,Iran,Pakistan,neutral-reporting
2098086600773103631,Iran,Saudi Arabia,neutral-reporting
2098086600773103631,Pakistan,Saudi Arabia,neutral-reporting
2098084443709657472,Iran,Pakistan,hostile
2098084443709657472,Iran,Saudi Arabia,hostile
2098084443709657472,Iran,Turkiye,hostile
2098084443709657472,Pakistan,Saudi Arabia,supportive
2098084443709657472,Pakistan,Turkiye,supportive
2098084443709657472,Saudi Arabia,Turkiye,supportive
2098083828380418337,Iran,Pakistan,unclear
2098083828380418337,Iran,Saudi Arabia,unclear
2098083828380418337,Pakistan,Saudi Arabia,skeptical
2098080432210534857,Iran,Pakistan,neutral-reporting
2098080432210534857,Iran,Saudi Arabia,neutral-reporting
2098080432210534857,Iran,Turkiye,neutral-reporting
2098080432210534857,Pakistan,Saudi Arabia,neutral-reporting
2098080432210534857,Pakistan,Turkiye,neutral-reporting
2098080432210534857,Saudi Arabia,Turkiye,neutral-reporting
2098078521914446004,Iran,Saudi Arabia,hostile
2098077375200190773,Iran,Pakistan,hostile
2098077375200190773,Iran,Saudi Arabia,hostile
2098077375200190773,Iran,Turkiye,hostile
2098077375200190773,Pakistan,Saudi Arabia,supportive
2098077375200190773,Pakistan,Turkiye,supportive
2098077375200190773,Saudi Arabia,Turkiye,supportive
2098076941756879164,Iran,Pakistan,hostile
2098076941756879164,Iran,Saudi Arabia,hostile
2098076941756879164,Pakistan,Saudi Arabia,supportive
2098072147914547651,Pakistan,Saudi Arabia,supportive
2098068046359474215,Pakistan,Saudi Arabia,supportive
2098068046359474215,Pakistan,Iran,supportive
2098068046359474215,Saudi Arabia,Iran,supportive
2098065612626964930,Pakistan,Saudi Arabia,neutral-reporting
2098065612626964930,Pakistan,Iran,neutral-reporting
2098064079143268552,Saudi Arabia,Turkiye,neutral-reporting
2098064079143268552,Saudi Arabia,Pakistan,neutral-reporting
2098064079143268552,Turkiye,Pakistan,neutral-reporting
2098063368263438532,Pakistan,Saudi Arabia,neutral-reporting
2098059194939384037,Pakistan,Iran,skeptical
2098059194939384037,Pakistan,Saudi Arabia,neutral-reporting
2098059194939384037,Iran,Saudi Arabia,hostile
2098058773231284383,Pakistan,Saudi Arabia,supportive
2098058773231284383,Pakistan,Turkiye,supportive
2098058773231284383,Saudi Arabia,Turkiye,supportive
2098058773231284383,Iran,Saudi Arabia,hostile
2098058773231284383,Iran,Pakistan,hostile
2098058773231284383,Iran,Turkiye,hostile
2098057868154990648,Pakistan,Saudi Arabia,supportive
2098057868154990648,Pakistan,Turkiye,supportive
2098057868154990648,Saudi Arabia,Turkiye,supportive
2098057868154990648,Iran,Saudi Arabia,hostile
2098057868154990648,Iran,Pakistan,hostile
2098057868154990648,Iran,Turkiye,hostile
2098056647750959547,Pakistan,Saudi Arabia,supportive
2098056647750959547,Pakistan,Iran,neutral-reporting
2098056647750959547,Saudi Arabia,Iran,neutral-reporting
2098054883408585066,Saudi Arabia,Pakistan,neutral-reporting
2098054883408585066,Saudi Arabia,Turkiye,neutral-reporting
2098054883408585066,Pakistan,Turkiye,neutral-reporting
2098054883408585066,Iran,Saudi Arabia,hostile
2098054883408585066,Iran,Pakistan,unclear
2098054883408585066,Iran,Turkiye,unclear
2098054701677769056,Pakistan,Saudi Arabia,skeptical
2098054701677769056,Pakistan,Iran,skeptical
2098054701677769056,Saudi Arabia,Iran,neutral-reporting
2098054701677769056,Pakistan,United States,unclear
2098054701677769056,Saudi Arabia,United States,unclear
2098054701677769056,Iran,United States,unclear
2098035573760118936,Saudi Arabia,United States,hostile
2097972244064690341,Pakistan,United States,hostile
2097972244064690341,Iran,Pakistan,hostile
2097972244064690341,Iran,United States,hostile
2097948065122431042,Saudi Arabia,Pakistan,supportive
2097948065122431042,Saudi Arabia,Turkiye,supportive
2097948065122431042,Pakistan,Turkiye,supportive
2097948065122431042,Saudi Arabia,United States,neutral-reporting
2097948065122431042,Pakistan,United States,neutral-reporting
2097948065122431042,Turkiye,United States,neutral-reporting
2097948065122431042,Iran,Saudi Arabia,hostile
2097948065122431042,Iran,Pakistan,hostile
2097948065122431042,Iran,Turkiye,hostile
2097948065122431042,Iran,United States,hostile
2097945325768204473,Saudi Arabia,Turkiye,neutral-reporting
2097945325768204473,Saudi Arabia,United States,neutral-reporting
2097945325768204473,Turkiye,United States,neutral-reporting
2097891976276213966,Iran,Saudi Arabia,hostile
2097891976276213966,Iran,United States,hostile
2097891976276213966,Saudi Arabia,United States,neutral-reporting
2097841608914075709,Pakistan,Saudi Arabia,supportive
2097841583798309028,Pakistan,Saudi Arabia,skeptical
2097841231787082147,Iran,Pakistan,hostile
2097841231787082147,Iran,Saudi Arabia,hostile
2097841231787082147,Iran,Turkiye,hostile
2097841231787082147,Pakistan,Saudi Arabia,supportive
2097841231787082147,Pakistan,Turkiye,supportive
2097841231787082147,Saudi Arabia,Turkiye,supportive
2097840045029732676,Pakistan,Saudi Arabia,supportive
2097838917466636332,Pakistan,Saudi Arabia,supportive
2097838917466636332,Pakistan,Turkiye,supportive
2097838917466636332,Saudi Arabia,Turkiye,supportive
2097838796565889287,Iran,Saudi Arabia,hostile
2095933452470354370,Pakistan,Saudi Arabia,skeptical
2095933452470354370,Pakistan,Turkiye,skeptical
2095933452470354370,Pakistan,United States,neutral-reporting
2095933452470354370,Saudi Arabia,Turkiye,neutral-reporting
2095933452470354370,Saudi Arabia,United States,neutral-reporting
2095933452470354370,Turkiye,United States,neutral-reporting
2095889746345988157,Iran,Saudi Arabia,hostile
2095847688575078432,Iran,Saudi Arabia,unclear
2095847688575078432,Iran,Pakistan,unclear
2095847688575078432,Iran,Turkiye,unclear
2095847688575078432,Iran,United States,hostile
2095847688575078432,Saudi Arabia,Pakistan,supportive
2095847688575078432,Saudi Arabia,Turkiye,supportive
2095847688575078432,Pakistan,Turkiye,supportive
2095847688575078432,Pakistan,United States,neutral-reporting
2095847688575078432,Saudi Arabia,United States,neutral-reporting
2095847688575078432,Turkiye,United States,neutral-reporting
2095843251794407676,Iran,Pakistan,neutral-reporting
2095818184414884314,Iran,Pakistan,supportive
2095818184414884314,Iran,Saudi Arabia,supportive
2095818184414884314,Iran,Turkiye,supportive
2095818184414884314,Pakistan,Saudi Arabia,supportive
2095818184414884314,Pakistan,Turkiye,supportive
2095818184414884314,Saudi Arabia,Turkiye,supportive
2095802508715474965,Iran,Saudi Arabia,supportive
2095797192225390754,Iran,Saudi Arabia,hostile
2095797192225390754,Pakistan,Saudi Arabia,skeptical
2095797192225390754,Iran,Pakistan,unclear
2095700294789149145,Saudi Arabia,United States,skeptical
2095700294789149145,Pakistan,Saudi Arabia,neutral-reporting
2095700294789149145,Pakistan,Turkiye,neutral-reporting
2095700294789149145,Saudi Arabia,Turkiye,neutral-reporting
2095700294789149145,Turkiye,United States,hostile
2095693008024838265,Pakistan,Turkiye,skeptical
2095632989648502968,Iran,Saudi Arabia,hostile
2095613039386992687,Iran,Saudi Arabia,skeptical
2095569133043659173,Pakistan,Saudi Arabia,neutral-reporting
2095569133043659173,Pakistan,Turkiye,neutral-reporting
2095569133043659173,Saudi Arabia,Turkiye,neutral-reporting
2095552420508025002,Pakistan,Saudi Arabia,neutral-reporting
2095552420508025002,Pakistan,Turkiye,neutral-reporting
2095552420508025002,Pakistan,Iran,neutral-reporting
2095505547118448655,Iran,Saudi Arabia,hostile
2095464996545474979,Pakistan,Saudi Arabia,supportive
2095464996545474979,Pakistan,Turkiye,supportive
2095464996545474979,Saudi Arabia,Turkiye,supportive
2095464996545474979,Iran,Pakistan,hostile
2095464996545474979,Iran,Saudi Arabia,hostile
2095464996545474979,Iran,Turkiye,hostile
2095464992044904718,Pakistan,Saudi Arabia,neutral-reporting
2095464992044904718,Pakistan,Turkiye,neutral-reporting
2095464992044904718,Saudi Arabia,Turkiye,neutral-reporting
